CLAVE,NOMBRE,DESCRIPCION
060-004-0109-11,ABATELENGUAS DE MADERA,DESECHABLES 500 PIEZAS.
060-819-0021-11,ACETONA PARA USOS DIVERSOS,ENVASE 1000 ML
060-034-0103-13,AGUA OXIGENADA,ENVASE CON 480 ML. 
060-040-3710-99,AGUJA HIPODERMICA  CAL. 18 G,CAL. 18 G. ENV. 100 PZAS
060-040-3760-11,AGUJA HIPÓDERMICA CALIBRE 25 G,CAL. 25 G. ENV. 100 PZAS
060-040-3786-11,AGUJA HIPÓDERMICA CALIBRE 22 G,CAL. 22 G. ENV. 100 PZAS
060-040-3711-12,AGUJA HIPODÉRMICAS CALIBRE: 20 G,CAL. 20 G. ENV. 100 PZAS
060-040-3745-11,"AGUJA HIPODÉRMICAS, CALIBRE: 21 G",CAL. 21 G. ENV. 100 PZAS
060-999-0680-00,AGUJA PARA BIOPSIA REESTERILIZABLE MODELO JAMSHIDI CALIBRE 14 G,MODELO JAMSHIDI CALIBRE 14 G
060-999-0679-00,AGUJA PARA BIOPSIA DE HUESO  JAMSHIDI 16 G,MODELO JAMSHIDI CALIBRE 16 G
060-999-0678-00,AGUJA PARA BIOPSIA DE HUESO  JAMSHIDI 18G,MODELO JAMSHIDI CALIBRE 18 G
060-040-0543-04,AGUJA PARA RAQUIANESTESIA O BLOQUEO SUBARACNOIDEO,"TIPO: WHITACRE,  LONGITUD: 11.6 A 11.9 CM, CALIBRE: 27 G. PIEZA."
060-040-0544-99,"AGUJA RAQUEA NO. 27G, 8.7 A 9.1 CM","TIPO: WHITACRE,  LONGITUD: 8.7 A 9.1 CM, CALIBRE: 27 G. PIEZA."
060-999-1461-11,"AGUJA RAQUEA NO.27 G, 8.7 A 9.1 CM","TIPO: WHITACRE,  LONGITUD: 8.7 A 9.1 CM, CALIBRE: 27 G. PIEZA."
060-066-0773-12,ALCOHOL DESNATURALIZADO,ENVASE 20LTS
060-904-0100-11,ALGODÓN TORUNDAS,ENVASE 500GRS
060-058-0153-11,ALGODONES EN LÁMINAS,ENVASE 300GRS
060-066-0880-04,ALKACIDE SOL. ,CAJA CON 6 FRASCOS
060-066-0971-01,ALKAZYME DETERGENTE MULTIENZIMATICO COMP. Q,
060-070-0165-01,AMPULAS PARA ESTERILIZAR EN GAS DE OXIDO DE ETILENO ,CAJA CON 12 FRASCOS
060-999-0395-01,ANTIFAZ PARA FOTOTERAPIA NO. 720,CAJA CON 50 FRASCOS
060-999-0025-00,ANTIFAZ PARA FOTOTERAPIA NO. 721. PREMATURO,CAJA CON 50 FRASCOS
060-999-0024-00,ANTIFAZ PARA FOTOTERAPIA NO. 722. PREMATURO  ,CAJA CON 50 FRASCOS
060-066-1093-99,ANTISÉPTICO SOLUCIÓN APLICADOR SEPP DE 0.67 ML GLUCONATO DE CLORHEXIDINA AL 2% Y ALCOHOL ISOPROPILICO AL 70% ,"PIEZA CC-13 ,CAJA CON 200 FRASCOS"
060-066-1052-02,ANTISÉPTICO SOLUCIÓN CON GLUCONATO DE CLORHEXIDINA AL 2% P/V  EN ALCOHOL ISOPROPÍLICO AL 70%,"CONTIENE: 3 ML.ENVASE APLICADOR, CON TINTA NARANJA O ROSA O INCOLORO"
060-082-0104-00,APLICADOR CON ALGODÓN DE MADERA NO ESTERIL,ENVASE CON 100 PIEZAS. 
060-082-0021-01,APLICADOR CON ALGODÓN DE PLÁSTICO.,ENVASE CON 150 PIEZAS. 
060-999-0181-00,APOSITO ADHESIVO OVALADO  8.5 X 10.5,CAJA CON 50 FRASCOS
060-999-0162-00,APOSITO ADHESIVO TEGADER PAD 5 X 7 CM,CAJA CON 50 FRASCOS
060-999-0166-00,APOSITO ADHESIVO TEGADERM FILLM 6X 7,CAJA CON 100 FRASCOS
060-999-0165-00,APOSITO ADHESIVO TEGADERM FILM 4.4 X 4.4,CAJA CON 100 FRASCOS
060-999-0160-00,APOSITO ADHESIVO TEGADERM PAD 9 X 10,CAJA CON 50 FRASCOS
060-999-0161-00,APOSITO AUTOADHERIBLE 5 X 5.7 CM,CAJA CON 100 FRASCOS
060-088-0025-14,"APOSITOS,  MEDIDAS: 10.0 CM A 10.16 X 12.0 A 14.0 CM.","TRANSPARENTE, MICROPOROSO, AUTOADHERIBLES, ESTERILES Y DESECHABLES. CAJA CON 50 FRASCOS"
060-088-0017-12,"APOSITOS, MEDIDAS: 7.0 CM A 8.5 CM X 5.08 CM A 6.0 CM.","TRANSPARENTE, MICROPOROSO, AUTOADHERIBLES, ESTERILES Y DESECHABLES. CAJA CON 50 FRASCOS"
060-110-0124-99,BALÓN P/REANIM. RESP ADULTO (AMBU),PIEZA DESECHABLE
060-110-0126-00,BALÓN P/REANIM. RESP. NEONATAL (AMBU),PIEZA DESECHABLE
060-110-0134-99,BALÓN P/REANIM. RESP. PEDIÁTRICO (AMBU) ,PIEZA DESECHABLE
060-231-0641-00,BATA QUIRÚRGICA CON PUÑOS AJUSTABLES Y REFUERZO EN MANGAS Y PECHO. ,TAMAÑO: GRANDE. PIEZA.
060-125-0001-99,BOLSA BALON RESPIRATORIO 4LTS,PIEZA 4 LTS
060-125-1044-00,BOLSA BALON RESPIRATORIO P/ANEST. DIAM 22 MM 2.5 LTS,PIEZA 2.5 LTS
060-125-1077-03,BOLSA BALON RESPIRATORIO P/ANEST. DIAM. 22MM 5.0 LTS,PIEZA 5 LTS
060-125-1051-03,"BOLSA BALON RESPIRATORIO, DE CAPACIDAD 3.0 L",ELECTROCONDUCTOR CON DOS PLIEGUES PARA APARATO DE ANESTESIA 
060-125-1036-03,"BOLSA BALON RESPIRATORIO, DE CAPACIDAD 2.0 L",ELECTROCONDUCTOR CON DOS PLIEGUES PARA APARATO DE ANESTESIA 
060-125-0319-03,"BOLSA BALON RESPIRATORIO, DE CAPACIDAD 0.5 L",ELECTROCONDUCTOR CON DOS PLIEGUES PARA APARATO DE ANESTESIA 
060-125-1010-03,"BOLSA BALON RESPIRATORIO, DE CAPACIDAD 1 L",ELECTROCONDUCTOR CON DOS PLIEGUES PARA APARATO DE ANESTESIA 
060-125-1028-02,"BOLSA BALON RESPIRATORIO, DE CAPACIDAD 1.5 L",ELECTROCONDUCTOR CON DOS PLIEGUES PARA APARATO DE ANESTESIA 
060-125-1895-13,BOLSA MIXTA PARA ESTERILIZAR A  GAS  25 X 36 CMS,CAJA CON 1000 PIEZAS
060-125-1937-14,BOLSAS DE PAPEL PARA ESTERILIZAR CON GAS O VAPOR.  7.5 X 58 CM,"GRADO MÉDICO, CON POROSIDAD CONTROLADA, HIDRÓFUGO, ENVASE CON 1000 PIEZAS"
060-125-1960-13,BOLSA MIXTA PARA ESTERILIZAR A GAS  20 X 42 CMS,CAJA CON 1000 PIEZAS
060-125-1887-13,BOLSA MIXTA PARA ESTERILIZAR A GAS 10 X 42 CMS,CAJA CON 1000 PIEZAS
060-125-1945-13,BOLSA MIXTA PARA ESTERILIZAR A GAS 30 X 51 CMS,CAJA CON 500 PIEZAS
060-125-1929-13,BOLSA MIXTA PARA ESTERILIZAR A GAS 40 X 58 CMS,CAJA CON 250 PIEZAS
060-125-1861-13,BOLSAS DE PAPEL  PARA ESTERILIZAR CON GAS O VAPOR.  DE: 7.5 X 28 CM.,"GRADO MÉDICO, CON POROSIDAD CONTROLADA, HIDRÓFUGO,CON O SIN TRATAMIENTO ANTIBACTERIANO, CON REACTIVO QUÍMICO IMPRESO Y PELÍCULA PLÁSTICA TRANSPARENTE, TERMOSOLDABLE, ENVASE CON 1000 PIEZAS"
060-999-0140-00,BOLSA MORTAJA,PIEZA
060-125-2844-13,BOLSA PARA ESTERILIZAR A  GAS 32 X 62 X 12  Nº 17 ,CAJA CON 250 PIEZAS
060-125-2869-00,BOLSA PARA ESTERILIZAR EN GAS O VAPOR DE 11 X 18 X 4 CMS,CAJA CON 1000 PIEZAS
060-125-2679-13,BOLSA PARA ESTERILIZAR EN GAS O VAPOR DE 12.0 X 26 X 4.0 CMS,CAJA CON 1000 PIEZAS
060-125-2711-13,BOLSA PARA ESTERILIZAR EN GAS O VAPOR DE 7.5 X 48.0 X 4.0 CMS,CAJA CON 1000 PIEZAS
060-125-2695-12,BOLSA PARA ESTERILIZAR EN GAS O VAPOR DE 14.0 X 33 X 4.5 CMS,CAJA CON 1000 PIEZAS
060-125-2877-13,BOLSA PARA ESTERILIZAR EN GAS O VAPOR DE 18 X 33 X 6 CMS,CAJA CON 1000 PIEZAS
060-125-2836-11,BOLSA PARA ESTERILIZAR EN GAS O VAPOR DE 25 X 38 X 8 CMS,CAJA CON 500 PIEZAS
060-125-3917-02,BOLSAS PARA ILEOSTOMIA Y COLOSTOMIA. TAMANO NEONATAL,CAJA CON 10 PIEZAS
060-125-1879-11,BOLSAS PARA RECOLECCION DE ORINA. CAPACIDAD 2000 ML.,PIEZA
060-125-0244-11,BOLSAS PARA UROCULTIVO (NINA).,"CON CAPACIDAD DE 50 ML Y ESCALA DE 10, 20, 30 Y 50 ML, AREA ADHESIVA DE 45 X 60 MM"
060-125-0228-11,BOLSAS PARA UROCULTIVO (NIÑO). ,"CON CAPACIDAD DE 50 ML Y ESCALA DE 10, 20, 30 Y 50 ML. AREA ADHESIVA DE 45 X 60 MM.PIEZA"
060-130-0015-01,BOTA QUIRURGICA DE TELA NO TEJIDA 100% DE POLIPROPILENO.,EMPAQUE CON 25 PIEZAS
060-132-0203-01,BRAZALETES PARA IDENTIFICACION. DE PLASTICO INFANTIL. PIEZA,PIEZA
060-157-0104-00,CAL SODADA,LATA CON 16 KGS
060-168-8138-11,"CÁNULA PARA TRAQUEOSTOMÍA, ADULTO, 8","DIÁMETRO INTERNO: 8.0 MM +/- 0.2 MM, DIÁMETRO EXTERNO: 11.3 MM +/- 0.5 MM, LONGITUD: 74 MM +/- 5 MM. PIEZA."
060-168-8237-12,"CÁNULA PARA TRAQUEOSTOMÍA, ADULTO, 7","DIÁMETRO INTERNO: 7.0 MM +/- 0.2 MM, DIÁMETRO EXTERNO 9.6 MM +/- 0.5 MM, LONGITUD: 70 MM +/- 5 MM. PIEZA"
060-166-0104-00,CANULA YANKAUER 20 CON TUBO,PIEZA
060-167-3312-12,CANULAS OROFARINGEAS. TIPO: GUEDEL/BERMAN. TAMAÑO: 1. LONGITUD: 60 MM,PIEZA
060-167-3320-12,CANULAS OROFARINGEAS.TIPO: GUEDEL/BERMAN. TAMAÑO: 3. LONGITUD: 80 MM,PIEZA
060-167-0482-04,CANULAS OROFARINGEAS.TIPO: GUEDEL/BERMAN. TAMAÑO: 4. LONGITUD: 90 MM,PIEZA
060-167-3346-07,CANULAS OROFARINGEAS. TIPO: GUEDEL/BERMAN. TAMAÑO: 5. LONGITUD: 100 MM,PIEZA
060-167-0680-04,CANULAS OROFARINGEAS TIPO: GUEDEL/BERMAN. TAMAÑO: 6. LONGITUD: 110 MM,PIEZA
060-167-0458-06,CANULAS OROFARINGEAS TIPO: GUEDEL/BERMAN. TAMAÑO: 0. LONGITUD: 50 MM,PIEZA
060-167-3304-12,CANULAS OROFARINGEAS TIPO: GUEDEL/BERMAN. TAMAÑO: 00. LONGITUD: 40 MM,PIEZA
060-167-0466-05,"CANULAS OROFARINGEAS, TIPO: GUEDEL/BERMAN. TAMAÑO: 2. LONGITUD: 70 MM",PIEZA
060-166-0301-05,"CANULAS PARA TRAQUEOSTOMIA, PEDIATRICA, DIAMETRO INTERNO. 3.0 MM +/-0.15 MM",PIEZA
060-167-6935-11,"CANULAS PARA TRAQUEOSTOMIA, PEDIATRICA, DIAMETRO INTERNO. 3.5 MM +/-0.15 MM",PIEZA
060-167-0920-11,"CANULAS PARA TRAQUEOSTOMIA, PEDIATRICA, DIAMETRO INTERNO. 4.0 MM +/-0.15 MM",PIEZA
060-167-0946-11,"CANULAS PARA TRAQUEOSTOMIA, PEDIATRICA, DIAMETRO INTERNO. 4.5 MM +/-0.15 MM",PIEZA
060-167-8725-11,"CANULAS PARA TRAQUEOSTOMIA, PEDIATRICA, DIAMETRO INTERNO. 5.0 MM +/- 0.15 MM",PIEZA
060-167-0979-11,"CANULAS PARA TRAQUEOSTOMIA, PEDIATRICA, DIAMETRO INTERNO. 5.5 MM +/-0.15 MM",PIEZA
060-167-0805-01,CANULAS PARA TRAQUEOSTOMIA. CONSTAN DE CIERRE ROTATORIO. TIPO: JACKSON. CALIBRE: 3,PIEZA
060-167-0821-01,CANULAS PARA TRAQUEOSTOMIA. CONSTAN DE CIERRE ROTATORIO  TIPO: JACKSON. CALIBRE: 4,PIEZA
060-167-0847-01,"CANULAS PARA TRAQUEOSTOMIA. CONSTAN DE CIERRE ROTATORIO, TIPO: JACKSON. CALIBRE: 5",PIEZA
060-166-2943-03,"CANULAS PARA TRAQUEOSTOMIA. NEONATAL, DIAMETRO INTERNO. 4.0",PIEZA
060-166-3018-99,"CANULAS PARA TRAQUEOSTOMIA. NEONATAL, DIAMETRO INTERNO. 4.5",PIEZA
060-889-0159-99,CARETA PROTECTORA ,CAJA CON 3 PIEZAS
060-001-0063-99,CATETER CENTRAL PERCUTANEO NEONATAL 1.9 FR ,PIEZA
060-999-9985-00,"CATÉTER VENOSO CENTRAL, NUTRILINE TWINFLO DOBLE VÍA, 2 FR ","LONG 300 MM, 24 G, PUR BIO-ESTABLE, TERMOSENSIBLE. VOLUMEN MUERTO 2 X 0.2 ML, FLUJO 1.45 ML/MIN X 2 VÍAS. MARCADO CENTIMETRICO Y DOBLE MARCADO CADA 5 CM."
060-999-9989-00,"CATÉTER PERIFÉRICO CENTRAL PICC, 1 Y 2 VÍAS DE POLIURETANO  2FR","BIO ESTABLE, ENTERAMENTE ORX"
060-999-9991-00,"CONECTOR ESTÉRIL DESECHABLE TIPO BIONECTOR VERDE CON BLANCO,  DIÁMETRO INTERNO 16 GA","DE ACERO INOXIDABLE GRADO MEDICO, VOLUMEN MUERTO 0.02 ML, 170ML/MN."
060-999-9992-00,"CATÉTER VENOSO CENTRAL IV, DE POLIURETANO, DIÁMETROS INTERNOS DISTAL 14 GA, MEDIAL 18 GA","TERMO SENSIBLE BIO ESTABLE, JERINGA DE 5 ML. "
060-999-9993-00,"SONDA PARA DRENAJE PLEURAL DE PVC, ORX,  16 FE, LONG. 25 CM, 2 ORIFICIOS LATERALES",PIEZA
060-999-9995-00,"SONDA PARA DRENAJE PLEURAL DE PVC, ORX, 30 FR, LONG. 28 CM, CON 2 ORIFICIOS LATERALES",PIEZA
060-165-0815-01,CATETER CENTRAL PERCUTANEO.NEONATAL 2 FR,PIEZA
060-999-0035-00,CATETER TORAXICO RECTO 24 FR. 4 ORIFICIOS,PIEZA
060-001-0028-00,CATETER PARA DRENAJE TORAXICO CAL 32 FR,PIEZA
060-167-3726-11,CATETER PARA DRENAJE TORAXICO. CALIBRE 28 FR,PIEZA
060-165-0864-01,CATETER PARA DRENAJE TORAXICO. CALIBRE 12.0 FR,PIEZA
060-167-7974-11,CATETER PARA NEUMOTORAX CON VALVULA DE HEIMLICH CON AGUJA 18 G CALIBRE 8 FR,PIEZA
060-168-4475-00,CATÉTER PARA VENOCLISIS CON AGUJA. CALIBRE 17,ENVASE CON 50 PIEZAS.
060-168-5647-00,CATÉTERES.PARA VENOCLISIS. CALIBRE:28-34 MM 19 G,ENVASE CON 50 PIEZAS.
060-166-0103-04,"CATETERES. PARA VENOCLISIS. LONGITUD: 17- 24 MM, CALIBRE: 24 G. ",ENVASE CON 50 PIEZAS.
060-168-6686-12,CATÉTERES.PARA VENOCLISIS. LONGITUD: CALIBRE:23-27 MM 22 G,ENVASE CON 50 PIEZAS.
060-168-6645-13,CATÉTER PARA VENOCLISIS. LONGITUD: 28-34 MM. CALIBRE: 18 G,ENVASE CON 50 PIEZAS.
060-168-6660-12,CATÉTER PARA VENOCLISIS. LONGITUD: 28-34 MM. CALIBRE: 20 G,ENVASE CON 50 PIEZAS.
060-168-6603-12,CATÉTER PARA VENOCLISIS. LONGITUD: 46-52 MM. CALIBRE: 14 G ,ENVASE CON 50 PIEZAS.
060-168-6629-13,CATÉTER PARA VENOCLISIS. LONGITUD: 46-52 MM. CALIBRE: 16 G,ENVASE CON 50 PIEZAS.
060-166-1903-00,CATETER VENOSO CENTRAL 2 LUMEN 4 FR ,PIEZA
060-167-6353-99,CATETER VENOSO CENTRAL 7FR 2 LUMEN ,PIEZA
060-167-0124-00,CATETER VENOSO CENTRAL PERCUTANEO 2 FR. 28 CM. DOBLE LUMEN,PIEZA
060-166-1911-03,"CATETER VENOSO CENTRAL, CALIBRE 5 FR Y 13 CM DE LONGITUD. CALIBRE 20 G",PIEZA
060-167-6661-12,"CATETERES PARA CATETERISMO VENOSO CENTRAL, CALIBRE 7 FR X 20 CM DE LONGITUD, CALIBRE 18 G","PIEZA, DISPOSITIVO DE FIJACION AJUSTABLE"
060-165-0849-01,"CATETERES PARA CATETERISMO VENOSO CENTRAL, DE DOBLE LUMEN, TAMANO NEONATAL. CALIBRE 1.9 A 3.0 FR",PIEZA
060-167-5010-11,CATETERES PARA SUMINISTRO DE OXIGENO. DIAMETRO INTERNO DE 2 MM. LONGITUD. 180 CM,PIEZA
060-167-6638-12,"CATETERES PARA VASOS UMBILICALES. CALIBRE: 3.5 FR. CON ACOTACIONES A 5, 10 Y 15 CM",PIEZA
060-167-6646-12,"CATETERES PARA VASOS UMBILICALES. CALIBRE: 5.0 FR. CON ACOTACIONES A 5, 10 Y 15 CM",PIEZA
060-189-0304-11,CEPILLO PARA USO QUIRÚRGICO,PIEZA
060-189-0056-11,"CEPILLOS PARA LAVADO DE INSTRUMENTAL. CON CERDAS DE FIBRA VEGETAL, LECHUGUILLA. INSTRUMENTOS",PIEZA
060-203-0108-11,CINTA MÉTRICA. LONGITUD: 1.50 M,PIEZA
060-203-0397-11,"CINTA MICROPOROSA, DE TELA NO TEJIDA, UNIDIRECCIONAL, DE COLOR BLANCO, CON RECUBRIMIENTOS ADHESIVOS EN UNA DE SUS CARAS","LONGITUD 10 MTS, ANCHO 2.50 CM. ENVASE CON 12 ROLLOS."
060-203-0363-11,"CINTA MICROPOROSA, DE TELA NO TEJIDA, UNIDIRECCIONAL, DE COLOR BLANCO, CON RECUBRIMIENTOS ADHESIVOS EN UNA DE SUS CARAS","LONGITUD 10 MTS, ANCHO 5.00 CM. ENVASE CON 6 ROLLOS."
060-203-0207-11,CINTA PARA ESTELIRIZACIÓN EN VAPOR A PRESIÓN. TAMAÑO: 18 MM X 50 M,ROLLO
060-203-0298-11,CINTA TESTIGO PARA ESTERILIZACIÓN CON GAS DE ÓXIDO DE ETILENO. TAMAÑO: 18 MM X 50 M,
060-203-0165-11,"CINTA UMBILICAL DE ALGODÓN, TEJIDO PLANO (TRENZADO DE 21 HILOS), ESTÉRILES","LONGITUD 41 CM, ANCHO 4 MM. ENVASE CON 100 SOBRES."
060-999-0214-00,CIRCUITO EN T PARA REANIMACIÓN NEONATOS,PIEZA
060-207-0013-02,"CIRCUITOS DE VENTILACIÓN PARA ANESTESIA, DE POLIVINILO","EQUIPO CONSTA DE DOS MANGUERAS, UN FILTRO, CONEXIÓN EN ""Y"" DE PLÁSTICO, CODO, MASCARILLA Y BOLSAS DE 3 Y 5 LTS"
060-207-0015-00,CIRCUITOS DESECHABLE UNIVERSAL C/TRAMPA DE AGUA,
060-999-0051-00,CLAMP UMBILICAL,CAJA CON 50 PIEZAS
060-231-0104-11,"COMPRESAS PARA VIENTRE. DEL ALGODÓN, CON TRAMA RADIOPACA. ","LONGITUD: 70 CM, ANCHO 45 CM. ENVASE CON 6 PIEZAS."
060-233-0037-11,CONECTORES DE DOS VIAS EN ( Y )," DE PLASTICO, DESECHABLE.PIEZA"
060-233-0011-11,CONECTORES DE UNA VIA. DE PLASTICO,DESECHABLES. TIPO: SIMS. DELGADO.PIEZA
060-233-0052-11,CONECTORES DE UNA VÍA,"DE PLÁSTICO, DESECHABLES. TIPO: SIMS. GRUESO. PIEZA"
060-621-0524-01,CUBREBOCA DE DOS CAPAS DE TELA NO TEJIDA,DESECHABLE. CON 150PZ
060-785-0064-99,CUBREBOCAS TIPO CONCHA N95  ,CAJA CON 20 PIEZAS
060-330-0066-11,ELECTRODO NEONATAL,CAJA CON 100 PIEZAS
060-330-0054-00,ELECTRODO ADULTO,CAJA CON 100 PIEZAS
060-345-0159-99,ELECTRODOS PEDIATRICO,CAJA CON 100 PIEZAS
060-345-0503-11,EQUIPO  PARA APLICACIÓN DE VOLÚMENES MEDIDOS,
060-345-2152-07,"EQUIPO BÁSICO PARA BLOQUEO EPIDURAL,","CONTIENE: AGUJA TIPO TUOHY, CALIBRE 16 O 17 G, ESTÉRIL Y DESECHABLE. EQUIPO."
060-345-3424-02,"EQUIPOS. EQUIPO PARA ANESTESIA EPIDURAL,ESTERIL Y DESECHABLE.",
060-345-3788-00,EQUIPO PARA ANESTESIA MIXTA EPIDURAL/SUBDURAL,
060-314-0062-00,EQUIPO PARA DRENAJE DE CAVIDAD PLEURAL CAPACIDAD 2100 A 2500 ML EQUIPO PEDIATRICO,
060-314-0054-11,EQUIPO PARA DRENAJE DE CAVIDAD PLEURAL.  CAPACIDAD 2100 A 2500 ML. EQUIPO ADULTO,
060-345-1865-11,EQUIPO PARA DRENAJE POR ASPIRACIÓN PARA USO POSTQUIRÚRGICO. CON DIÁMETRO EXTERNO DE 3 MM CON VÁLVULA DE REFLUJO Y VÁLVULA DE ACTIVACIÓN,
060-345-1873-11,EQUIPO PARA DRENAJE POR ASPIRACIÓN PARA USO POSTQUIRÚRGICO.  CON DIÁMETRO EXTERNO DE 6 MM CON VÁLVULA DE REFLUJO Y VÁLVULA DE ACTIVACIÓN,
060-345-0305-11,EQUIPO PARA MEDICIÓN DE PRESIÓN VENOSA CENTRAL. CON INDICADOR FLOTANTE.,
060-532-0175-11,"EQUIPO PARA TRANSFUSIÓN, CON FILTRO, SIN AGUJA. EQUIPO",
060-532-0167-11,"EQUIPO PARA VENOCLISIS, SIN AGUJA, ESTÉRILES, DESECHABLES. NORMOGOTERO",
060-532-0084-11,"EQUIPO PARA VENOCLISIS, SIN AGUJA, ESTÉRILES, DESECHABLES. MICROGOTERO",
060-341-0333-11,ESCOBILLONES DE ALAMBRE GALVANIZADO CON CERDAS DE NYLON O DE ORIGEN ANIMAL ,TAMANO: MEDIANO.
060-830-1311-00,FORMALDEHIDO AL 37.7% ,1 LT
060-436-0552-11,"GASA  SECA CORTADA, DE ALGODÓN CON MARCA RADIOPACA. LARGO: 10 CM, ANCHO: 10 CM",ENVASE CON 200 PIEZAS
060-621-0057-99,GASA SECA 7.5 X7.5 CMS,ENVASE CON 100 PIEZAS. 
060-436-0107-01,"GASA SECA CORTADA, DE ALGODÓN 100%. LARGO: 10 CM, ANCHO: 10 CM",ENVASE CON 200 PIEZAS
060-436-0057-13,"GASA SECA CORTADA, DE ALGODÓN 100%. LARGO: 7.5 CM, ANCHO: 5 CM",ENVASE CON 200 PIEZAS
060-436-0206-11,"GASA SIMPLE, SECA.  LARGO: 91 CM, ANCHO: 91 CM","DE ALGODÓN, TIPO HOSPITAL. ROLLO TEJIDO PLANO (DOBLADA)."
060-066-0906-06,GEL ANTISÉPTICO PARA MANOS QUE NO REQUIERE ENGUAJE. ,ENVASE CON 500 ML
060-999-1510-00,GEL PARA ULTRASONIDO ABDOMINAL GALON 3.8 LTS,
060-439-0039-01,"GORRO DE TELA NO TEJIDA DE POLIPROPILENO, DESECHABLE.",ENVASE CON 100 PIEZAS. 
060-439-0040-99,GORRO REDONDO CON ELÁSTICO AJUSTABLE AL CONTORNO DE LA CARA. PACIENTE Y ENFERMERA. DESECHABLE,ENVASE CON 100 PIEZAS. 
060-456-0532-99,GUANTES NO. 7.5 - 8.0  ORTOPEDICO,ENVASE CON 40 PIEZAS. 
060-456-0300-02,"GUANTES PARA CIRUGÍA. DE LÁTEX NATURAL, ESTÉRILES Y DESECHABLES.  TALLA:  6 ½ PAR",
060-456-0318-02,"GUANTES PARA CIRUGÍA. DE LÁTEX NATURAL, ESTÉRILES Y DESECHABLES.  TALLA: 7 PAR",
060-456-0334-02,"GUANTES PARA CIRUGÍA. DE LÁTEX NATURAL, ESTÉRILES Y DESECHABLES.  TALLA: 7 ½  PAR",
060-456-0359-02,"GUANTES PARA CIRUGÍA. DE LÁTEX NATURAL, ESTÉRILES Y DESECHABLES.  TALLA: 8 PAR",
060-456-0383-11,"GUANTES PARA EXPLORACIÓN, TAMAÑOS: CHICO. ",ENVASE CON 100 PIEZAS.
060-456-0409-11,GUANTES PARA EXPLORACIÓN. TAMAÑOS: GRANDE. ,ENVASE CON 100 PIEZAS.
060-456-0391-11,"GUANTES PARA EXPLORACIÓN, TAMAÑOS: MEDIANO. ",ENVASE CON 100 PIEZAS.
060-456-0623-00,"GUANTES. DE NITRILO, AMBIDIESTRO, DESECHABLE, ESTERIL. TAMAÑO: CHICO",CAJA CON 100 PIEZAS
060-456-0649-01,"GUANTES. DE NITRILO, AMBIDIESTRO, DESECHABLE, ESTERIL. TAMAÑO: GRANDE",CAJA CON 100 PIEZAS
060-456-0631-01,"GUANTES. DE NITRILO, AMBIDIESTRO, DESECHABLE, ESTERIL. TAMAÑO: MEDIANO",CAJA CON 100 PIEZAS
060-461-0162-11,"GUATA QUIRÚRGICA DE TELA NO TEJIDA, . LONGITUD 5 M, ANCHO 15 CM. ",ENVASE CON 24 PIEZAS.
060-461-0154-11,"GUATA QUIRÚRGICA DE TELA NO TEJIDA. LONGITUD 5 M, ANCHO 10 CM. ",ENVASE CON 24 PIEZAS.
060-470-0112-12,HEMOSTÁTICO. ESPONJA HEMOSTÁTICA DE GELATINA O COLÁGENO.50 A 100 X 70 A 125 MM.,ENVASE CON UNA PIEZA
060-999-0144-00,HIPAFIX 10 CM X 10M,
060-483-0158-99,HOJA DE BISTURÍ # 21 ,CAJA CON 100 PIEZAS
060-483-0159-00,HOJA DE BISTURI NUM. 22 ,CAJA CON 100 PIEZAS
060-483-0174-00,HOJA PARA BISTURÍ NO. 23 ,CAJA CON 100 PIEZAS
060-483-0091-00,HOJAS PARA BISTURÍ NO. 10 ,CAJA CON 100 PIEZAS
060-483-0141-00,HOJAS PARA BISTURÍ NO. 15,CAJA CON 100 PIEZAS
060-483-0133-00,HOJAS PARA BISTURÍ NO. 20,CAJA CON 100 PIEZAS
060-066-0666-12,IODOPOVIDONA SOLUCIÓN,"CADA 100 ML CONTIENEN: IODOPOVIDONA, SOLUCIÓN 11 G. EQUIVALENTE A 1.1 G DE YODO. ENVASE CON 3.5 LTS."
060-066-0658-12,"IODOPOVIDONA, ESPUMA","CADA 100 ML CONTIENE: IODOPOVIDONA 8 G, EQUIVALENTE A 0.8 G DE YODO. ENVASE CON 3.5 LTS."
060-066-0062-02,JABONES PARA USO PREQUIRURGICO. LIQUIDO Y NEUTRO (PH 7),ENVASE C/3.850 L
060-543-0115-11,JALEA LUBRICANTE. ASÉPTICA,ENVASE CON 135 GR.
060-550-0354-11,"JERINGAS DE PLASTICO, CAPACIDAD 10 ML","CAJA C/100 PZAS., ESCALA GRADUADA EN ML, CON DIVISIONES DE 1.0 Y SUBDIVISIONES DE 0.2, CON AGUJA CALIBRE. 20 G Y LONGITUD 32 MM."
060-550-0842-00,"JERINGAS DE PLASTICO, DESECHABLES, CON AGUJA RETRACTABLE 3 ML 21 G X 25 MM",ENVASE CON 100 PIEZAS
060-550-1279-01,"JERINGA. DE PLÁSTICO GRADO MÉDICO, CON PIVOTE TIPO LUER LOCK, CAPACIDAD DE 3 ML","ESCALA GRADUADA EN ML CON DIVISIONES DE 0.5 ML Y SUBDIVISIONES DE 0.1 ML, CON AGUJA CALIBRE 22 G Y 32 MM DE LONGITUD.ESTÉRIL Y DESECHABLE. CAJA CON 100 PIEZAS"
060-550-2608-01,"JERINGA DE PLÁSTICO GRADO MEDICO, DE 5 ML DE CAPACIDAD","ESCALA GRADUADA EN ML, CON DIVISIONES DE 1.0 ML, Y SUBDIVISIONES DE 0.2 Y AGUJA DE 20 G Y 38 MM DE LONGITUD, ESTÉRIL Y DESECHABLE. CAJAN CON 100 PIEZAS"
060-550-0016-11,"JERINGA. DE PLÁSTICO.CON PIVOTE TIPO LUER LOCK, CAPACIDAD 10 ML","ESCALA GRADUADA EN ML, DIVISIONES DE PIEZAS 1.0 Y SUBDIVISIONES DE 0.2.CON AGUJA DE:LONGITUD: 38MM CALIBRE: 20 G. CAJA CON 100"
060-550-0453-11,"JERINGA DE PLÁSTICO, SIN AGUJA CON PIVOTE TIPO LUER LOCK, CAPACIDAD: 20 ML",ESCALA GRADUADA EN ML DIVISIONES DE 5.0 Y SUBDIVISIONES DE 1.0. ENVASE CON 50 PIEZAS.
060-999-0309-00,JERINGA DESECHABLE DE 60 ML,PIEZA
060-550-2186-01,JERINGAS PARA INSULINA. CON CAPACIDAD DE 1 ML,CAJA CON 200 PIEZAS
060-001-0043-00,LAPIZ PARA CAUTERIO MONOPOLAR CON CABLE Y ENTRADA DE TRES PUNTAS,
060-598-0010-11,LLAVE DE 4 VÍAS CON MARCAS INDICADORAS DEL SENTIDO EN EL QUE FLUYEN LAS SOLUCIONES Y POSICIÓN DE CERRADO,"ADITAMENTO DE CIERRE LUER LOCK (MÓVIL) EN EL RAMAL DE LA LLAVE, QUE SE CONECTA AL TUBO DE LA EXTENSIÓN. TUBO DE EXTENSIÓN REMOVIBLE DE PLÁSTICO GRADO MÉDICO, LONGITUD 80 CM Y DIÁMETRO INTERNO 2.7 MM MÍNIMO, CONECTOR LUER LOCK HEMBRA EN EL EXTREMO DEL TUBO QUE SE CONECTA CON LA LLAVE Y CONECTOR LUER MACHO EN EL EXTREMO PROXIMAL, CON ADITAMENTO DE CIERRE LUER LOCK (MÓVIL). PIEZA"
060-598-0226-99,"LLAVE DE TRES O CUATRO VÍAS SIN EXTENSIÓN, DE PLÁSTICO.",ESTÉRIL Y DESECHABLE. PIEZA.
060-603-0009-99,MALLA DE POLIPROPILENO 30 X 30 CMS PARA HERNIA ,
060-603-0012-99,"MALLA PROTESICA PARA HERNIA DE BAJA DENSIDAD, PARCIALMENTE ABSORBIBLE  CON DIMENSIONES DE 15X10 CM. ",
060-603-0016-99,"MALLA PROTESICA PARA HERNIA VENTRAL, MEDIDAS DE 20 X 25 CM. ","Y FORMA OVAL O RECTANGULAR, PIEZA JOHNSON & JOHNSON"
060-999-0178-00,MASCARILLA  PARA OXÍGENO ADULTO,
060-621-0078-99,MASCARILLA PARA ANESTESIA 0 UNIDAD,
060-621-0177-99,MASCARILLA PARA ANESTESIA 00 UNIDAD ,
060-621-0185-99,MASCARILLA PARA ANESTESIA 1  UNIDAD ,
060-621-0094-99,MASCARILLA PARA ANESTESIA 2 UNIDAD ,
060-621-0193-00,MASCARILLA PARA ANESTESIA 3  UNIDAD ,
060-621-0169-00,MASCARILLA PARA ANESTESIA 4 UNIDAD ,
060-621-0530-99,MASCARILLA Y MICRONEBULIZADOR DE AEROSOLES CON TUBO DE EXTENCION ADULTO,
060-621-0038-99,MASCARILLA PARA OXIGENO CON RESERVORIO ADULTO,
060-621-0039-99,MASCARILLA PARA OXIGENO CON RESERVORIO PEDIATRICA,
060-621-0527-99,MASCARILLA Y MICRONEBULIZADOR DE AEROSOLES CON TUBO DE EXTENCION PEDIATRICA.,
060-999-0427-00,MASCARILLO LARÍNGEA VÍA ÁREA NO. 1,
060-999-0428-00,MASCARILLO LARÍNGEA VÍA ÁREA NO. 1.5,
060-999-0429-00,MASCARILLO LARÍNGEA VÍA ÁREA NO. 2.0,
060-999-0430-00,MASCARILLO LARÍNGEA VÍA ÁREA NO. 2.5,
060-999-0431-00,MASCARILLO LARÍNGEA VÍA ÁREA NO. 3,
060-999-0440-00,MASCARILLO LARÍNGEA VÍA ÁREA NO. 4,
070-581-0117-00,MEDIOS DE CONTRASTE HIDROSOLUBLES NO IONICOS DE 300MG/ML FRASCO 100ML,"LOVERSOL, LOPAMIDOL, LOHEXOL, LOPROMIDA, LOBITRIDOL, LODIXANOL FRASCO CON 100 ML"
070-581-0109-00,MEDIOS DE CONTRASTE HIDROSOLUBLES NO IONICOS DE 300MG/ML FRASCO 50ML,"LOVERSOL, LOPAMIDOL, LOHEXOL, LOPROMIDA, LOBITRIDOL, LODIXANOL FRASCO CON 50 ML"
060-701-0378-11,PERILLA PARA ASPIRACIÓN DE SERCRECIONES. DE HULE. NO. 4,
060-701-0360-00,PERILLA. PARA ASPIRACIÓN DE SECRECIONES. DE HULE. NO. 2.,
060-001-0084-99,PLACAS PARA ELECTROCAUTERIO DESECHABLES C/CABLE,
060-598-0009-00,PROLONGADOR OCTOPUS 2 O 3 VIAS C/EXTENCION,
060-740-0025-11,"PROTECTOR DE PIEL, TINTURA DE BEJUI ",ENVASE CON 1000 ML.
060-999-0300-00,PROTECTOR DE PUNTAS NASALES NEONATALES,CAJA CON 25 PIEZAS
060-621-0523-99,PUNTAS NASALES NEONATALES DESECHABLES ,
060-182-0004-00,PAPEL PARA ULTRASONIDO UPP 110 HG,
060-231-0591-00,PAQUETE PARA CIRUGIA GENERAL UNIVERSAL. ESTERIL DESECHABLE,
060-231-0583-00,PAQUETE PARA CESAREA Y CIRUGIA GENERAL. ESTERIL DESECHABLE,
060-345-3118-99,SISTEMA CERRADO 6FR PZA.,
060-805-0646-00,SISTEMA CERRADO 8FR PZA,
060-999-0042-00,SISTEMA DE SUCCION CERRADO CON C/TUBO ENDOTRAQUEAL 5 FR.,
060-345-3143-00,"SISTEMA DE SUCCIÓN CERRADO, CON TUBO ENDOTRAQUEAL CONECTADO A VENTILADOR, 16 FR.",
060-345-3168-00,"SISTEMA DE SUCCIÓN, CERRADO, CON TRAQUEOSTOMÍA, CONECTADO A VENTILADOR, 18 FR.",
060-345-3135-00,"SISTEMA DE SUCCIÓN, CERRADO, CON TUBO ENDOTRAQUEAL CONECTADO A VENTILADOR, 14 FR.",
060-345-3119-00,"SISTEMA DE SUCCIÓN, CERRADO, CON TUBO ENDOTRAQUEAL CONECTADO A VENTILADOR, 10 FR.",
060-345-3127-00,"SISTEMA DE SUCCIÓN, CERRADO, CON TUBO ENDOTRAQUEAL CONECTADO A VENTILADOR, 12 FR. ",
060-168-9381-00,CPAP TAMAÑO 4 - SISTEMA PARA ADMINISTRACIÓN DE PRESIÓN POSITIVA CONTINUA POR VÍA NASAL. ,
060-999-0136-00,CPAP TAMAÑO 0 - SISTEMA PARA ADMINISTRACIÓN DE PRESIÓN POSITIVA CONTINUA POR VÍA NASAL. ,
060-999-0209-00,CPAP TAMAÑO 1 - SISTEMA PARA ADMINISTRACIÓN DE PRESIÓN POSITIVA CONTINUA POR VÍA NASAL. ,
060-820-0382-00,CPAP TAMAÑO 3 - SISTEMA PARA ADMINISTRACIÓN DE PRESIÓN POSITIVA CONTINUA POR VÍA NASAL. ,
060-820-0374-00,CPAP TAMAÑO 2 - SISTEMA PARA ADMINISTRACIÓN DE PRESIÓN POSITIVA CONTINUA POR VÍA NASAL. ,
060-066-1011-02,"SOLUCIÓN ANTISÉPTICA CON GLUCONATO DE CLORHEXIDINA DE 0.5  AL 1%, ALCOHOL ETÍLICO O ISOPROPÍLICO ENTRE 60-80%, Y AGENTES EMOLIENTES.","COMO COMPLEMENTO PARA EL LAVADO QUIRÚRGICO Y MÉDICO; NO REQUIERE DE ENJUAGE, CEPILLADO, NI SECADO. CON DISPENSADOR REUSABLE QUE EVITA EL CONTACTO CON LA PIEL UNA VEZ RECIBIDO EL ANTISÉPTICO Y PROPORCIONADO POR EL FABRICANTE CUANDO SE DETERIORE. ENVASE CON 500 ML. "
060-168-9896-11,SONDA GASTROINTESTINAL DESECHABLE Y CON MARCA RADIOPACA. TIPO LEVIN. CALIBRE: 14 FR,
060-168-9904-11,SONDA GASTROINTESTINAL DESECHABLE Y CON MARCA RADIOPACA. TIPO LEVIN. CALIBRE: 16 FR,
060-168-4277-11,SONDA GASTROINTESTINAL DESECHABLE Y CON MARCA RADIOPACA. TIPO: LEVIN. CALIBRE: 12 FR,
060-168-4418-11,SONDA GASTROINTESTINAL DESECHABLE Y CON MARCA RADIOPACA. TIPO: LEVIN. CALIBRE: 18 FR,
060-168-1310-99,"SONDA LEVIN NO. 10 FR. GASTROINTESTINAL D.E. 3.3 MM LONG. 127 ACOTADA A LOS 46,56,66 Y 76 CM",
060-167-8121-11,SONDA PARA DRENAJE URINARIO . TIPO: FOLEY DE DOS VIAS. CALIBRE: 14 FR,
060-167-8139-11,SONDA PARA DRENAJE URINARIO TIPO: FOLEY DE DOS VIAS. CALIBRE: 16 FR,
060-168-9771-11,"SONDA PARA DRENAJE URINARIO, TIPO: FOLEY DE DOS VÍAS. CALIBRE: 20 FR",
060-168-9789-11,SONDA PARA DRENAJE URINARIO TIPO: FOLEY DE DOS VÍAS. CALIBRE: 22 FR,"DE LÁTEX, CON GLOBO DE AUTORRETENCIÓN DE 30 ML CON VÁLVULA PARA JERINGA. ESTÉRIL Y DESECHABLE"
060-168-9482-12,SONDA PARA DRENAJE URINARIO CALIBRE: 10 FR,"DE LÁTEX, CON GLOBO DE AUTORRETENCIÓN DE 3 ML CON VÁLVULA PARA JERINGA. TIPO: FOLEY DE DOS VÍAS."
060-168-9615-11,SONDA PARA DRENAJE URINARIO. TIPO: FOLEY DE DOS VÍAS. CALIBRE: 12 FR,"DE LÁTEX, CON GLOBO DE AUTORRETENCIÓN DE 5 ML CON VÁLVULA PARA JERINGA. ESTÉRIL Y DESECHABLE. "
060-168-9649-11,SONDA PARA DRENAJE URINARIO. TIPO: FOLEY DE DOS VÍAS. CALIBRE: 18 FR,"DE LÁTEX, CON GLOBO DE AUTORRETENCIÓN DE 5 ML CON VÁLVULA PARA JERINGA. TIPO: FOLEY DE DOS VÍAS."
060-168-9656-11,SONDA PARA DRENAJE URINARIO. TIPO: FOLEY DE DOS VÍAS. CALIBRE: 20 FR,"DE LÁTEX, CON GLOBO DE AUTORRETENCIÓN DE 5 ML CON VÁLVULA PARA JERINGA. "
060-168-9664-11,SONDA PARA DRENAJE URINARIO. TIPO: FOLEY DE DOS VÍAS. CALIBRE: 22 FR,"DE LÁTEX, CON GLOBO DE AUTORRETENCIÓN DE 5 ML CON VÁLVULA PARA JERINGA."
060-168-9672-11,SONDA PARA DRENAJE URINARIO. TIPO: FOLEY DE DOS VÍAS. CALIBRE: 24 FR,"DE LÁTEX, CON GLOBO DE AUTORRETENCIÓN DE 5 ML CON VÁLVULA PARA JERINGA. ESTÉRIL Y DESECHABLE."
060-168-8302-11,SONDA PARA DRENAJE URINARIO TIPO: NELATON. LONGITUD: 40 CM. CALIBRE: 20 FR,"DE LÁTEX, PUNTA REDONDA."
060-168-6652-11,SONDA PARA DRENAJE URINARIO TIPO: NELATON. LONGITUD: 40 CM. CALIBRE: 16 FR," DE LÁTEX, PUNTA REDONDA."
060-168-6678-12,SONDA PARA DRENAJE URINARIO TIPO: NELATON. LONGITUD: 40 CM. CALIBRE: 18 FR," DE LÁTEX, PUNTA REDONDA."
060-167-4930-11,"SONDAS DE LATEX, TIPO NELATON. LONGITUD. 40 CM CALIBRE 28 FR"," DE LÁTEX, PUNTA REDONDA."
060-167-4948-11 ,"SONDAS DE LATEX,TIPO NELATON. LONGITUD. 40 CM CALIBRE 30 FR"," DE LÁTEX, PUNTA REDONDA."
060-167-4922-11,"SONDAS DE LATEX,TIPO NELATON.LONGITUD. 40 CM CALIBRE 26 FR"," DE LÁTEX, PUNTA REDONDA."
060-167-8089-12,SONDAS PARA ALIMENTACION TAMAÑO. INFANTIL LONGITUD. 38.5 CM CALIBRE. 8 FR,"DE PLASTICO TRANSPARENTE,"
060-168-9243-11,SONDAS PARA ALIMENTACION TAMAÑO. PREMATURO CALIBRE. 5 FR,". DE PLASTICO TRANSPARENTE,"
060-168-0077-11,SONDAS PARA ASPIRAR SECRECIONES. TAMAÑO. ADULTO LONGITUD. 55 CM CALIBRE. 18 FR,"DE PLASTICO, ECON VALVULA DE CONTROL. ESTERIL Y DESECHABLE. "
060-168-0085-11,SONDAS PARA ASPIRAR SECRECIONES TAMAÑO. INFANTIL LONGITUD. 55 CM CALIBRE. 10 FR ,"DE PLASTICO, ECON VALVULA DE CONTROL. ESTERIL Y DESECHABLE."
060-168-5388-99,SUJETADOR DE TUBO ENDOTRAQUEAL 711 MICRO PIEZA,
060-999-0239-00,SUJETADOR DE TUBO ENDOTRAQUEAL ADULTO PIEZA,
060-168-5386-99 ,SUJETADOR PARA TUBO ENDOTRAQUEAL 709 MINI PIEZA,
060-168-5387-12,SUJETADOR PARA TUBO ENDOTRAQUEAL 710 PIEZA,
060-168-5389-12,SUJETADOR PARA TUBO ENDOTRAQUEAL 712 PIEZA,
060-841-4264-00,SUTURA CATGUT CRÓMICO CON AGUJA CALIBRE DE LA SUTURA 3-0 ,"ENVASE CON 12 PIEZAS. LONGITUD DE LA HEBRA 68-75 CM, CARACTERISTICAS DE LA AGUJA 1/2 CIRCULO AHUSADA (25-27 MM)"
060-841-0585-12,SUTURA CATGUT CRÓMICO CON AGUJA CALIBRE DE LA SUTURA: 4-0,"ENVASE CON 12 PIEZAS.  LONGITUD DE LA HEBRA: 30 CM, CARACTERÍSTICAS DE LA AGUJA: 1/2 CÍRCULO, DOBLE ARMADO, REVERSO CORTANTE (12-13 MM). "
060-841-2623-13,SUTURA CATGUT CRÓMICO CON AGUJA CALIBRE DE LA SUTURA: 0 ,"ENVASE CON 12 PIEZAS  LONGITUD DE LA HEBRA: 68 A 75 CM, CARACTERÍSTICAS DE LA AGUJA: 1/2 CÍRCULO, AHUSADA (35-37 MM)"
060-841-0569-12,SUTURA CATGUT CRÓMICO CON AGUJA CALIBRE DE LA SUTURA: 1,"ENVASE CON 12 PIEZAS  LONGITUD DE LA HEBRA: 68 A 75 CM, CARACTERÍSTICAS DE LA AGUJA: 1/2 CÍRCULO, AHUSADA (35-37 MM)"
060-841-0486-11,SUTURA SINTÉTICA NO ABSORBIBLE. MONOFILAMENTO DE NYLON;CON AGUJA CALIBRE DE LA SUTURA 2-0,"ENVASE CON 12 PIEZAS.  LONGITUD DE LA HEBRA: 45 CM, CARACTERÍSTICAS DE LA AGUJA. 3/8 CIRCULO; CORTANTE(19-26 MM) "
060-841-0478-12,SUTURA SINTÉTICA NO ABSORBIBLE. MONOFILAMENTO DE NYLON CON AGUJA. CALIBRE DE LA SUTURA 3-0,"ENVASE CON 12 PIEZAS.  LONGITUD DE LA HEBRA: 45 CM,CARACTERÍSTICAS DE LA AGUJA. 3/8 CIRCULO; CORTANTE(19-26 MM.)"
060-841-0460-12,SUTURA SINTÉTICA NO ABSORBIBLE. MONOFILAMENTO DE NYLON;CON AGUJA CALIBRE DE LA SUTURA 4-0,"ENVASE CON 12 PIEZAS  LONGITUD DE LA HEBRA: 67 A 70 CM, CARACTERÍSTICAS DE LA AGUJA. 3/8 DE CIRCULO REVERSO CORTANTE (12-13 MM)"
060-841-0916-00,"SUTURA POLÍMERO DE ÁCIDO GLICÓLICO (VICRYL), TRENZADO, CON AGUJA CALIBRE DE LA SUTURA: 2-0 ","CARACTERÍSTICAS DE LA AGUJA: 1/2 CÍRCULO, AHUSADA (35-37 MM)"
060-841-0767-13,SUTURA SEDA NEGRA TRENZADA SIN AGUJA CALIBRE DE LA SUTURA: 0. SOBRE CON 7-12 HEBRAS,ENVASE CON 12 PIEZAS.  LONGITUD DE LA HEBRA: 75 CM
060-841-0775-12,SUTURA SEDA NEGRA TRENZADA SIN AGUJA CALIBRE DE LA SUTURA: 1. SOBRE CON 7-12 HEBRAS,ENVASE CON 12 PIEZAS.  LONGITUD DE LA HEBRA: 75 CM
060-841-0742-12,SUTURA SEDA NEGRA TRENZADA SIN AGUJA CALIBRE DE LA SUTURA: 2-0. SOBRE CON 7-12 HEBRAS,ENVASE CON 12 PIEZAS.  LONGITUD DE LA HEBRA: 75 CM
060-841-0734-12,SUTURA SEDA NEGRA TRENZADA SIN AGUJA CALIBRE DE LA SUTURA: 3-0. SOBRE CON 7-12 HEBRAS,ENVASE CON 12 PIEZAS.  LONGITUD DE LA HEBRA: 75 CM
060-841-0627-11,"SUTURA SEDA NEGRA TRENZADA, CON AGUJA CALIBRE DE LA SUTURA: 2-0 ","ENVASE CON 12 PIEZAS.  LONGITUD DE LA HEBRA: 75 CM,CARACTERÍSTICAS DE LA AGUJA: 1/2 CÍRCULO AHUSADA (25-26MM)"
060-841-0619-12,"SUTURA SEDA NEGRA TRENZADA, CON AGUJA CALIBRE DE LA SUTURA: 3-0","ENVASE CON 12 PIEZAS.  LONGITUD DE LA HEBRA: 75 CM,CARACTERÍSTICAS DE LA AGUJA: 1/2 CÍRCULO AHUSADA (25-26MM)"
060-167-5464-99,TUBO ENDOTRAQUEAL  C/G 26 FR. 6.5 MM ,
060-869-0103-11,TELA ADHESIVA. DE ACETATO CON ADHESIVO EN UNA DE SUS CARAS.LONGITUD: 10 M ANCHO: 1.25 CM,PRESENTACIÓN: CAJA CON 24 PIEZAS
060-869-0152-12,TELA ADHESIVA. DE ACETATO CON ADHESIVO EN UNA DE SUS CARAS.LONGITUD: 10 M ANCHO: 2.50 CM,PRESENTACIÓN: CAJA CON 12 PIEZAS
060-869-0202-11,TELA ADHESIVA. DE ACETATO CON ADHESIVO EN UNA DE SUS CARAS.LONGITUD: 10 M ANCHO: 5 CM,PRESENTACIÓN: CAJA CON 6 PIEZAS
060-879-0136-00,TERMOMETRO DIGITAL,
080-889-2533-01,TIRAS PARA GLUCOMETRO ,CAJA CON 50 PIEZAS
080-889-0099-12,TIRAS REACTIVAS PARA ORINA PARA DETERMINAR 10 PARÁMETROS,CAJA CON 100 PIEZAS
060-999-8188-00,TUBO ENDOTRAQUEAL CON ALMA DE ACERO 30 FR 7.5 MM CON GLOBO.,
060-999-1422-00,TUBO ENDOTRAQUEAL CON ALMA DE ACERO 32FR 8.0MM C/GLOBO,
060-167-1604-99,"TUBO ENDOTRAQUEAL CON ALMA DE ACERO, CURVADO, CON GLOBO, 38 FR, 9.5 MM, TIPO MURPHY",
060-168-1354-99,TUBO ENDOTRAQUEAL TIPO MURPHY 4.5MM 18 FR CON GLOBO,
060-168-1356-11,TUBO ENDOTRAQUEAL TIPO MURPHY CON GLOBO  CAL. 20 FR. DIAMETRO INTERNO 5.0 MM,
060-168-2214-11,TUBO ENDOTRAQUEAL TIPO MURPHY CON GLOBO  CAL.22FR DIAMETRO INTERNO 5.5 MM,
060-168-5340-11,"TUBO ENDOTRAQUEAL, SIN GLOBO. CALIBRE: 14 FR. 3.5 MM","DE ELASTÓMERO DE SILICÓN TRANSPARENTE, GRADUADOS, CON MARCA RADIOPACA, ESTÉRILES Y DESECHABLES."
060-168-5365-11,"TUBO ENDOTRAQUEAL, SIN GLOBO. CALIBRE: 16 FR. 4.0 MM","DE ELASTÓMERO DE SILICÓN TRANSPARENTE, GRADUADOS, CON MARCA RADIOPACA, ESTÉRILES Y DESECHABLES."
060-168-5381-11,"TUBO ENDOTRAQUEAL, SIN GLOBO. CALIBRE: 18 FR","DE ELASTÓMERO DE SILICÓN TRANSPARENTE, GRADUADOS, CON MARCA RADIOPACA, ESTÉRILES Y DESECHABLES."
060-168-5399-11,"TUBO ENDOTRAQUEAL, SIN GLOBO. CALIBRE: 20 FR","DE ELASTÓMERO DE SILICÓN TRANSPARENTE, GRADUADOS, CON MARCA RADIOPACA, ESTÉRILES Y DESECHABLES."
060-168-5431-11,"TUBO ENDOTRAQUEAL, SIN GLOBO. CALIBRE: 24 FR","DE ELASTÓMERO DE SILICÓN TRANSPARENTE, GRADUADOS, CON MARCA RADIOPACA, ESTÉRILES Y DESECHABLES."
060-168-5456-11,"TUBO ENDOTRAQUEAL, SIN GLOBO. CALIBRE: 26 FR","DE ELASTÓMERO DE SILICÓN TRANSPARENTE, GRADUADOS, CON MARCA RADIOPACA, ESTÉRILES Y DESECHABLES."
060-168-2446-11,TUBO ENDOTRAQUEL DE PLÁSTICO. CALIBRE 24 FR,"DE ELASTÓMERO DE SILICÓN TRANSPARENTE, GRADUADOS, CON MARCA RADIOPACA, ESTÉRILES Y DESECHABLES."
060-168-1354-99,TUBO ENDOTRAQUEL DE PLÁSTICO . CALIBRE 18 FR,"DE GRADO MÉDICO, CON MARCA RADIOPACA, ESTÉRILES, DESECHABLES, CON GLOBO  TIPO: MURPHY. EMPAQUE INDIVIDUAL. DIÁMETRO INTERNO: 4.5 MM,"
060-168-2495-11,TUBO ENDOTRAQUEL DE PLÁSTICO. CALIBRE 26 FR,"DE GRADO MÉDICO,CON GLOBO , TIPO: MURPHY. DIÁMETRO INTERNO: 6.5 MM, "
060-168-2511-11,TUBO ENDOTRAQUEL DE PLÁSTICO. CALIBRE 28 FR,"DE GRADO MÉDICO,CON GLOBO . TIPO: MURPHY. EMPAQUE INDIVIDUAL. DIÁMETRO INTERNO: 7.0 MM"
060-168-2529-11,TUBO ENDOTRAQUEL DE PLÁSTICO  CALIBRE 30 FR,"DE GRADO MÉDICO,TIPO: MURPHY. EMPAQUE INDIVIDUAL. DIÁMETRO INTERNO: 7.5 MM"
060-168-2537-11,TUBO ENDOTRAQUEL DE PLÁSTICO CALIBRE 32 FR,
060-168-2552-11,TUBO ENDOTRAQUEL DE PLÁSTICO. CALIBRE 34 FR,"DE GRADO MÉDICO, TIPO: MURPHY. DIÁMETRO INTERNO: 8.5 MM"
060-168-2560-11,TUBO ENDOTRAQUEL DE PLÁSTICO. CALIBRE 36 FR. ,"DE GRADO MÉDICO, ES, CON GLOBO TIPO: MURPHY. EMPAQUE INDIVIDUAL. DIÁMETRO INTERNO: 9.0 MM"
060-168-2578-11,TUBO ENDOTRAQUEL DE PLÁSTICO  CALIBRE 38 FR,"DE GRADO MÉDICO, ES, CON GLOBO TIPO: MURPHY. EMPAQUE INDIVIDUAL. DIÁMETRO INTERNO: 9.5 MM"
060-908-0924-11,"TUBO PARA ASPIRADOR DE HULE LÁTEX, COLOR ÁMBAR. ","DIÁMETRO 6.3 MM, ESPESOR DE PARED 3.7 MM. ENVASE CON 10 M"
060-908-0114-11,"TUBO PARA CANALIZACIÓN, DE LÁTEX NATURAL, RADIOPACO, (1/2"")","DIÁMETRO 12.7 MM (1/2""). PIEZA"
060-908-0015-11,"TUBO PARA CANALIZACIÓN, DE LÁTEX NATURAL, RADIOPACO,  (5/16"")","DIÁMETRO 7.94 MM (5/16""). PIEZA"
060-168-1455-11,"TUBOS ENDOTRAQUEALES, SIN GLOBO, CALIBRE. 12 FR. 3.0 MM ",
060-167-8238-11,"TUBOS ENDOTRAQUEALES, SIN GLOBO CALIBRE. 10FR 2.5 MM ",
060-167-8220-11,"TUBOS ENDOTRAQUEALES, SIN GLOBO CALIBRE. 8FR 2MM ",
060-939-0059-01,VASELINA LIQUIDA FCO. 1 LTR,
060-999-0620-00,VENDA DE GOMA (SMARCH) LONGITUD: ANCHO:2.7 M 10 CM,"DE HULE NATURAL, GRADO MÉDICO."
060-953-0282-00,"VENDAS DE GOMA (SMARCH) LONGUITUD 2.7 M, ANCHO 8 CM","DE HULE NATURAL, GRADO MÉDICO."
060-953-2825-11,"VENDAS ELÁSTICAS DE TEJIDO PLANO, DE ALGODÓN CON FIBRAS SINTÉTICAS. LONGUITUD 5 M, ANCHO 30 CM. ",PQT. C/12 PZAS
060-953-2866-12,VENDAS ELÁSTICAS DE TEJIDO PLANO; DE ALGODÓN CON FIBRAS SINTÉTICAS.LONGITUD: 5 M ANCHO 10 CM.,ENVASE CON 12 PIEZAS.
060-953-2874-12,VENDAS ELÁSTICAS DE TEJIDO PLANO; DE ALGODÓN CON FIBRAS SINTÉTICAS.LONGITUD: 5 M ANCHO 15 CM.,ENVASE CON 12 PIEZAS.
060-953-2858-12,VENDAS ELÁSTICAS DE TEJIDO PLANO; DE ALGODÓN CON FIBRAS SINTÉTICAS.LONGITUD: 5 M ANCHO 5 CM.,ENVASE CON 12 PIEZAS.
060-953-0555-11,"VENDAS ENYESADAS DE GASA DE ALGODÓN,. LONGUITUD  2.75 M, ANCHO ANCHO 10 CM. ",ENVASE CON 12 PIEZAS
060-953-0571-11,"VENDAS ENYESADAS DE GASA DE ALGODÓN, LONGUITUD  2.75 M, ANCHO ANCHO 15 CM. ",ENVASE CON 12 PIEZAS
060-953-0456-11,"VENDAS ENYESADAS DE GASA DE ALGODÓN,  RECUBIERTAS DE UNA CAPA UNIFORME DE YESO GRADO MÉDICO. LONGUITUD  2.75 M, ANCHO ANCHO 5 CM.",ENVASE CON 12 PIEZAS
060-999-9219-00,CATETERES P/O2 CON BIGOTERA (PEDIATRICA) PUNTAS NASALES,
060-999-0155-00,ANTISEPTICO SOLUCION CON GLUCONATO DE CLORHEXIDINA AL 2% P/V EN ALCOHOL ISOPROPILICO AL 70% 10.5 ML,
060-999-9990-00,"PROLONGADOR DE CATETER POLIURETANO, EXTRA-FLEXIBLE, TRANSPARENTE Y DE MUY BAJO VOLUMEN MUERTO. VIA 3 Y 5",": DIAM. INT. 1.5 MM, DIAM. EXT. 2.50 MM, LONG. 10.6 CM, "
060-841-0551-11,"SUTURAS CATGUT CROMICO CON AGUJA. CALIBRE DE LA SUTURA. 2-0 . AGUJA. DE 1/2 CIRCULO, AHUSADA (35 - 37 MM)",LONGITUD DE LA HEBRA. 68 A 75 CM
060-999-0195-00,BALÒN DE BAKRY. (PARA CONTROL DE HEMORRAGIA OBSTÈTRICA),
060-842-0303-03,SUTURAS DE MONOFILAMENTO SINTETICO ABSORBIBLE DE COPOLIMERO DE GLICOLIDA Y EPSILON-CAPROLACTONA CALIBRE DE LA SUTURA. 1,"CARACTERISTICAS DE LA AGUJA. CON AGUJA AHUSADA, DE 1/2 CIRCULO (35-36 MM)."
060-842-0329-04,"SUTURAS DE MONOFILAMENTO SINTETICO ABSORBIBLE DE COPOLIMERO DE GLICOLIDA Y EPSILON-CAPROLACTONA, CALIBRE DE LA SUTURA. 2-0","CARACTERISTICAS DE LA AGUJA. CON AGUJA AHUSADA, DE 1/2 CIRCULO (35-36 MM)."
060-842-0527-04,"SUTURAS SINTETICAS NO ABSORBIBLES, MONOFILAMENTO DE POLIPROPILENO, CON AGUJA CALIBRE DE SUTURA. 1","LONGITUD DE LA HEBRA. 75 CM  CARACTERISTICAS DE LA AGUJA 1/2 CIRCULO, CORTANTE (35-37 MM)."
060-842-0535-02,"SUTURAS SINTETICAS NO ABSORBIBLES, MONOFILAMENTO DE POLIPROPILENO, CON AGUJA CALIBRE DE SUTURA. 2 ","LONGITUD DE LA HEBRA. 75 CM CARACTERISTICAS DE LA AGUJA 1/2 CIRCULO, CORTANTE (35-37 MM)."
060-841-0882-12,"SUTURAS SINTETICAS ABSORBIBLES POLIMERO DE ACIDO GLICOLICO, TRENZADA, CON AGUJA. CALIBRE DE LA SUTURA. 1 ","LONGITUD DE LA HEBRA. 67 - 70 CM CARACTERISTICAS DE LA AGUJA. 1/2 DE CIRCULO, AHUSADA (35-37 MM)."
060-841-0858-12,"SUTURAS SINTETICAS ABSORBIBLES, POLIMERO DE ACIDO GLICOLICO, TRENZADO, CON AGUJA. CALIBRE DE LA SUTURA 3-0 ",LONGITUD DE LA HEBRA. 67 - 70 CM CARACTERISTICAS DE LA AGUJA: 1/2 CIRCULO AHUSADA (25-26 MM)
060-040-5520-99,AGUJA RECTA CON PUNTA CORTANTE DE 70-90 MM, CAJA C/10 PZAS.
060-040-5521-99,AGUJA CURVA CON PUNTA CORTANTE DE 70-90 MM ,CAJA C/10 PZAS.
060-841-0262-11,"SUTURAS SINTETICAS NO ABSORBIBLES, MONOFILAMENTO DE POLIPROPILENO, CON AGUJA. CALIBRE DE SUTURA. 5-0 ","LONGITUD DE LA HEBRA. 90 CM CARACTERISTICAS DE LA AGUJA. 1/2 CIRCULO, DOBLE ARMADO AHUSADA (15-17 MM)."
060-841-0254-11,"SUTURAS SINTETICAS NO ABSORBIBLES, MONOFILAMENTO DE POLIPROPILENO, CON AGUJA. CALIBRE DE SUTURA. 6-0 ","LONGITUD DE LA HEBRA. 75 CM CARACTERISTICAS DE LAAGUJA. 3/8 DE CIRCULO, DOBLE ARMADO AHUSADA (12-13 MM)."
060-456-0530-99,GUANTES NO. 6.5 ORTOPEDICO, C/40 PIEZAS
060-483-0125-00,HOJAS P/BISTURI NO. 11 ,C/100 PZAS.
060-697-0267-11,PASTA O GEL CONDUCTIVA PARA ELECTROCARDIOGRAMA. ,ENVASE CON 120 ML.
060-066-1003-02,DESINFECTANTES. SOLUCION ESTERILIZANTE Y DESINFECTANTE DE SUPEROXIDACION CON PH NEUTRO.,
060-066-0907-00,"SOLUCION ANTISEPTICA ALCOHOL ETILICO AL 61% (AVAGAR ""D"") ",REF. 9222
060-066-0572-99,"DISPENSADOR PARA AVAGAR ""D""",
060-456-0386-99,"GUANTES DE LATEX TAMAÑO MEDIANO, NO ESTERILES ",C/ 100
060-456-0385-99,"GUANTES DE LATEX TAMAÑO CHICO, NO ESTERILES ",C/ 100
010-000-1957-00,AMIKACINA SOLUCIÓN INYECTABLE 100MG/2ML ,CONTIENE: SULFATO DE AMIKACINA EQUIVALENTE A 100 MG DE AMIKACINA. ENVASE CON 1 AMPOLLETA O FRASCO AMPULA CON 2 ML.
010-000-1956-00,AMIKACINA SOLUCÓN INYECTABLE. 500MG/2ML ,CONTIENE: SULFATO DE AMIKACINA EQUIVALENTE A 500 MG DE AMIKACINA. ENVASE CON 1 AMPOLLETA O FRASCO ÁMPULA CON 2 ML.
010-000-2127-00,AMOXICILINA SUSPENSIÓN ORAL.CADA FRASCO CON POLVO (500MG/5ML),CONTIENE: AMOXICILINA TRIHIDRATADA EQUIVALENTE A 7.5 G DE AMOXICILINA. ENVASE CON POLVO PARA 75 ML (500MG/5ML) 
010-000-2230-00,AMOXICILINA -ÁCIDO CLAVULÁNICO TABLETA (500MG/125 MG),CONTIENE: AMOXICILINA TRIHIDRATADA EQUIVALENTE A 500 MG DE AMOXILINA. CLAVULANATO DE POTASIO EQUIVALENTE A 125 MG DE ÁCIDO CLAVULÁNICO. ENVASE CON 12 TABLETAS.
010-000-2128-00,AMOXICILINA CÁPSULA. (500MG),CADA CÁPSULA CONTIENE AMOXICILINA TRIHIDRATADA EQUIVALENTE A 500MG DE AMOXICILINA. ENVASE CON 12 CÁPSULAS.  
010-000-2129-00,AMOXICILINA-ACIDO CLAVULÁNICO. SUSPENSIÓN ORAL. (1.5G / 375MG),"CADA FRASCO CON POLVO CONTIENE: AMOXICILINA TRIHIDRATADA EQUIVALENTE A 1.5 G DE AMOXICILINA. CLAVULANATO DE POSTASIO EQUIVALENTE A 375MG DE ÁCIDO CLAVULÁNICO. ENVASE CON 60 ML, CADA 5 ML CON 125MG DE AMOXICILINA Y 31.25 MG ÁCIDO CLAVULÁNICO. "
010-000-1929-00,AMPICILINA TABLETA O CÁPSULA (500MG),CONTIENE: AMPICILINA ANHIDRA O AMPICILINA TRIHIDRATADA EQUIVALENTE A 500 MG DE AMPICILINA. ENVASE CON 20 TABLETAS O CÁPSULAS.
010-000-1930-00,AMPICILINA TRIHIDRATADA SOLUCIÓN ORAL (250MG/5ML),CADA 5 ML CONTIENEN: AMPICILINA TRIHIDRATADA EQUIVALENTE A 250 MG DE AMPICILINA. ENVASE CON POLVO PARA 60 ML Y DOSIFICADOR
010-000-1931-00,"AMPICILINA, SOLUCIÓN INYECTABE (500MG/2ML)",CADA FRASCO ÁMPULA CON POLVO CONTIENE: AMPICILINA SÓDICA EQUIVALENTE A 500 MG. CAJA CON FRASCO ÁMPULA CONTENIENDO 500 MG Y AMPOLLETA CON AGUA INYECTABLE COMO DILUYENTE 2 ML. 
010-000-1924-00,BENCILPENICILINA PROCAÍNICA -BENCILPENICILINA CRISTALINA SUSPENSIÓN INYECTABLE (600 000 UI / 2ML),CADA FRASCO ÁMPULA CON POLVO CONTIENE: BENCILPENICILINA PROCAÍNICA EQUIVALENTE A 600 000 UI DE BENCILPENICILINA BENCILPENICILINA CRISTALINA EQUIVALENTE A 200 000 UI DE BENCILPENICILINA. ENVASE CON UN FRASCO AMPULA Y 2 ML DE DILUYENTE.
010-000-1923-00,BENCILPENICILINA PROCAINICA -BENCILPENICILINA CRISTALINA SUSPENSIÓN INYECTABLE. (300 000 UI / 2ML),CADA FRASCO ÁMPULA CON POLVO CONTIENE: BENCILPENICILINA PROCAÍNICA EQUIVALENTE A 300 000 UI DE BENCILPENICILINA BENCILPENICILINA CRISTALINA EQUIVALENTE A 100 000 UI DE BENCILPENICILINA. ENVASE CON UN FRASCO ÁMPULA Y 2 ML DE DILUYENTE.
010-000-1933-00,BENCILPENICILINA SÓDICA CRISTALINA SOLUCIÓN INYECTABLE (5 000 000 UI),CADA FRASCO AMPULA CON POLVO CONTIENE: BENCILPENICILINA SÓDICA CRISTALINA EQUIVALENTE A 5 000 000 UI DE BENCILPENICILINA. ENVASE CON UN FRASCO ÁMPULA.
010-000-1921-00,BENCILPENICILINA SÓDICA CRISTALINA SOLUCIÓN INYECTABLE (1 000 000 UI),"CADA FRASCO ÁMPULA CON POLVO CONTIENE: BENCILPENICILINA SÓDICA CRISTALINA EQUIVALENTE A 1000 000 UI DE BENCILPENICILINA. ENVASE CON UN FRASCO AMPULA, CON O SIN 2 ML DE DILUYENTE."
010-000-1925-00,BENZATINA BENCILPENICILINA SUSPENSIÓN INYECTABLE (1 200 000 UI),CADA FRASCO ÁMPULA CON POLVO CONTIENE: BENZATINA BENCILPENICILINA EQUIVALENTE A 1 200 000 UI DE BENCILPENICILINA. ENVASE CON UN FRASCO ÁMPULA Y 5 ML DE DILUYENTE.
010-000-1939-00,CEFALEXINA CÁPSULA O TABLETA. (500MG),CADA TABLETA O CÁPSULA CONTIENE: CEFALEXINA MONOHIDRATADA EQUIVALENTE A 500 MG DE CEFALEXICNA. ENVASE CON 20 CÁPSULAS O TABLETAS
010-000-5256-00,CEFALOTINA SOLUCIÓN INYECTABLE (1GR / 5ML),CADA FRASCO ÁMPULA CON POLVO CONTIENE: CEFALOTINA SÓDICA EQUIVALENTE A 1 G DE CEFALOTINA. ENVASE CON UN FRASCO ÁMPULA Y 5 ML DE DILUYENTE.
010-000-1935-00,CEFOTAXIMA SOLUCIÓN INYECTABLE. (1GR / 4ML),CADA FRASCO ÁMPULA CON POLVO CONTIENE: CEFOTAXIMA SÓDICA EQUIVALENTE A 1 G DE CEFOTAXIMA. ENVASE CON UN FRASCO ÁMPULA Y 4 ML DE DILUYENTE.
010-000-4254-00,CEFTAZIDIMA SOLUCIÓN INYECTABLE. (1GR / 3ML),CADA FRASCO ÁMPULA CON POLVO CONTIENE: CEFTAZIDIMA PENTAHIDRATADA EQUIVALENTE A 1 G DE CEFTAZIDIMA. ENVASE CON UN FRASCO ÁMPULA Y 3 ML DE DILUYENTE.
010-000-1937-00,CEFTRIAXONA SOLUCIÓN INYECTABLE. (1GR / 10ML),CADA FRASCO ÁMPULA CON POLVO CONTIENE: CEFTRIAXONA SÓDICA EQUIVALENTE A 1 G DE CEFTRIAXONA. ENVASE CON UN FRASCO ÁMPULA Y 10 ML DE DILUYENTE.
010-000-4259-00,CIPROFLOXACINO SOLUCIÓN INYECTABLE (200MG/100ML),CADA 100 ML CONTIENE: LACTATO O CLORHIDRATO DE CIPROFLOXACINO EQUIVALENTE A 200 MG DE CIPROFLOXACINO. ENVASE CON 100 ML.
010-000-4255-00,CIPROFLOXACINO TABLETA O CÁPSULA (250MG),CADA CÁPSULA O TABLETA CONTIENE: CLORHIDRATO DE CIPROFLOXACINO MONOHIDRATADO EQUIVALENTE A 250 MG DE CIPROFLOXACINO. ENVASE CON 8 CÁPSULAS O TABLETAS.)
010-000-2133-00,CLINDAMICINA CÁPSULA. (300MG),CADA CÁPSULA CONTIENE: CLORHIDRATO DE CLINDAMICINA EQUIVALENTE A 300 MG DE CLINDAMICINA. ENVASE CON 16 CÁPSULAS.
010-000-1973-00,CLINDAMICINA SOLUCIÓN INYECTABLE (300MG / 2ML),CADA AMPOLLETA CONTIENE: FOSFATO DE CLINDAMICINA EQUIVALENTE A 300 MG DE CLINDAMICINA. ENVASE AMPOLLETA CON 2 ML.
010-000-1926-00,DICLOXACILINA CAPSULA O COMPRIMIDO (500MG),CADA CAPSULA O COMPRIMIDO CONTIENE: DICLOXACILINA SODICA 500 MG ENVASE CON 20 CAPSULAS O COMPRIMIDOS.
010-000-1928-00,DICLOXACILINA SOLUCIÓN INYECTABLE (250MG / 5ML),CADA FRASCO ÁMPULA CON POLVO CONTIENE: DICLOXACILINA SÓDICA EQUIVALENTE A 250 MG DE DICLOXACILINA. ENVASE FRASCO ÁMPULA Y 5 ML DE DILUYENTE.
010-000-1927-00,DICLOXACILINA SUSPENSIÓN ORAL (250MG/5ML),CADA 5 ML CONTIENEN: DICLOXACILINA SÓDICA 250 MG.ENVASE CON POLVO PARA 60 ML Y DOSIFICADOR.
010-000-1940-00,DOXICICLINA CÁPSULA O TABLETA. (100MG),CADA CÁPSULA O TABLETA CONTIENE: HICLATO DE DOXICICLINA EQUIVALENTE A 100 MG DE DOXICILINA. ENVASE CON 10 CÁPSULAS O TABLETAS.
010-000-1972-00,ERITROMICINA  SUSPENSIÓN ORAL. (250MG / 100ML),CADA 5 ML CONTIENEN:  ESTEARATO O ETILSUCCINATO O ESTOLATO DE ERITROMICINA EQUIVALENTE A 250 MG. DE ERITROMICINA. ENVASE CON POLVO PARA 100ML Y DOSIFICADOR.
010-000-1971-00,ERITROMICINA CÁPSULA O TABLETA. (500MG),CADA CÁPSULA O TABLETA CONTIENE: ESTEARATO DE ERITROMIDICNA EQUIVALENTE A 500MG DE ERITROMICINA. ENVASE CON 20 CÁPSULAS O TABLETAS. 
010-000-1954-00,GENTAMICINA SOLUCIÓN INYECTABLE (80MG / 2ML),CADA AMPOLLETA CONTIENE: SULFATO DE GENTAMICINA EQUIVALENTE A 80 MG DE GENTAMICINA. ENVASE CON AMPOLLETA CON 2 ML.
010-000-5265-00,IMIPENEM Y CILASTATINA SOLUCIÓN INYECTABLE. (500MG),CADA FRASCO ÁMPULA CON POLVO CONTIENE: IMIPENEM MONOHIDRATADO EQUIVALENTE A 500 MG DE IMIPENEM. CILASTATINA SÓDICA EQUIVALENTE A 500 MG DE CILASTATINA. ENVASE CON UN FRASCO ÁMPULA  
010-000-4249-00,LEVOFLOXACINO SOLUCIÓN INYECTABLE (500MG / 100ML),CADA ENVASE CONTIENE: LEVOFLOXACINO HEMIHIDRATADO EQUIVALENTE A 500 MG DE LEVOFLOXACINO. ENVASE CON 100 ML.
010-000-4299-00,LEVOFLOXACINO TABLETA. (500MG),CADA TABLETA CONTIENE: LEVOFLOXACINO HEMIHIDRATADO EQUIVALENTE A 500 MG DE LEVOFLOXACINO. ENVASE CON 7 TABLETAS.
010-000-2136-00,MEBENDAZOL TABLETA (100MG),CADA TABLETA CONTIENE MEBENDAZOL 100MG. ENVASE CON 6 TABLETAS 
010-000-5291-00,MEROPENEM SOLUCIÓN INYECTABLE. (500MG),CADA FRASCO ÁMPULA CON POLVO CONTIENE: MEROPENEM TRIHIDRATADO EQUIVALENTE A 500 MG DE MEROPENEM. ENVASE CON 1 FRASCO ÁMPULA.
010-000-1311-00,METRONIDAZOL SOLUCIÓN INYECTABLE. (500MG / 100ML),CADA 100 ML CONTIENEN: METRONIDAZOL 500 MG. ENVASE CON 100 ML.
010-000-1309-00,METRONIDAZOL SOLUCION INYECTABLE (200MG / 10ML),CADA AMPOLLETA O FRASCO AMPULA CONTIENE: METRONIDAZOL 200 MG ENVASE CON 2 AMPOLLETAS O FRASCOS AMPULA CON 10 ML.
010-000-1911-00,NITROFURANTOÍNA CÁPSULA (100MG),CADA CÁPSULA CONTIENE: NITROFURANTOÍNA 100MG . ENVASE CON 40 CÁPSULAS. 
010-000-5302-00,NITROFURANTOÍNA SUSPENSIÓN ORAL (500MG / 120ML) (25MG / 5ML),CADA 100 ML CONTIENEN: NITROFURANTOÍNA 500 MG. ENVASE CON 120 ML (25 MG/5 ML).
010-000-4261-00,OFLOXACINA TABLETA (400MG),CADA TABLETA CONTIENE OFLOXACINA  400 MG. ENVASE CON 8 TABLETAS.
010-000-1903-00,TRIMETOPRIMA -SULFAMETOXAZOL COMPRIMIDO O TABLETA. (80/400MG),CADA COMPRIMIDO O TABLETA CONTIENE: TRIMETOPRIMA 80 MG SULFAMETOXAZOL 400 MG. ENVASE CON 20 COMPRIMIDOS O TABLETAS.
010-000-5255-00,TRIMETOPRIMA -SULFAMETOXAZOL SOLUCIÓN INYECTABLE (160/800MG 3ML),CADA AMPOLLETA CONTIENE: TRIMETOPRIMA 160 MG SULFAMETOXAZOL 800 MG ENVASE CON 6 AMPOLLETAS CON 3 ML.
010-000-1904-00,TRIMETOPRIMA -SULFAMETOXAZOL SUSPENSION ORAL (40MG / 200MG 120ML),CADA 5 ML CONTIENEN: TRIMETOPRIMA 40 MG SULFAMETOXAZOL 200 MG. ENVASE CON 120 ML Y DOSIFICADOR.
010-000-4251-00,VANCOMICINA SOLUCIÓN INYECTABLE. (500MG),CADA FRASCO ÁMPULA CON POLVO CONTIENE: CLORHIDRATO DE VANCOMICINA EQUIVALENTE A 500 MG DE VANCOMICINA. ENVASE CON UN FRASCO ÁMPULA.
010-000-4264-00,ACICLOVIR SOLUCIÓN INYECTABLE. (250MG),CADA FRASCO ÁMPULA CON LIOFILIZADO CONTIENE: ACICLOVIR SÓDICO EQUIVALENTE A 250 MG DE ACICLOVIR. ENVASE CON 5 FRASCOS ÁMPULA.
010-000-0103-00,ACIDO ACETILSALICÍLICO TABLETA SOLUBLE O EFERVESCENTE. (300MG),CADA TABLETA SOLUBLE O EFERVESCENTE CONTIENE:ÁCIDO ACETILSALICÍLICO 300 MG ENVASE CON 20 TABLETAS SOLUBLES O EFERVESCENTES.
010-000-0101-00,ACIDO ACETILSALICÍLICO TABLETA. (500MG),CADA TABLETA CONTIENE: ÁCIDO ACETILSALICÍLICO 500 MG. ENVASE CON 20 TABLETAS.
010-000-2707-00,ACIDO ASCÓRBICO TABLETA.(100MG),CADA TABLETA CONTIENE: ÁCIDO ASCÓRBICO 100 MG ENVASE CON 20 TABLETAS.
010-000-1711-00,ACIDO FÓLICO TABLETA.(0.4 MG),CADA TABLETA CONTIENE ÁCIDO FÓLICO 0.4 MG. ENVASE CON 90 TABLETAS. 
010-000-1706-00,ACIDO FÓLICO TABLETA. (5MG),CADA TABLETA CONTIENE: ÁCIDO FÓLICO 5 MG. ENVASE CON 20 TABLETAS.
010-000-4185-00,ACIDO URSODEOXICÓLICO CÁPSULA. (250MG),CADA CÁPSULA CONTIENE: ÁCIDO URSODEOXICÓLICO 250 MG. ENVASE CON 50 CÁPSULAS.
010-000-5099-00,ADENOSINA. SOLUCIÓN INYECTABLE. (6MG/2ML),CADA FRASCO ÁMPULA CONTIENE: ADENOSINA 6 MG. ENVASE CON 6 FRASCOS ÁMPULA CON 2 ML. 
010-000-3674-00,AGUA INYECTABLE SOLUCIÓN INYECTABLE. (10ML),CADA AMPOLLETA CONTIENE: AGUA INYECTABLE 10 ML. ENVASE CON 100 AMPOLLETAS CON 10 ML.
010-000-1345-00,ALBENDAZOL SUSPENSIÓN ORAL.,CADA FRASCO CONTIENE: ALBENDAZOL 400 MG ENVASE CON 20 ML. 
010-000-1344-00,ALBENDAZOL TABLETA (200MG),CADA TABLETA CONTIENE: ALBENDAZOL 200 MG ENVASE CON 2 TABLETAS
010-000-0871-00,ALIBOUR POLVO. ,CADA GRAMO CONTIENE: SULFATO DE COBRE 177.0 MG SULFATO DE ZINC 619.5 MG ALCANFOR 26.5 MG. ENVASE CON 12 SOBRES CON 2.2 G.
010-000-1224-00,ALUMINIO –MAGNESIO SUSPENSIÓN ORAL ,CADA 100 ML CONTIENEN: HIDRÓXIDO DE ALUMINIO 3.7 G HIDROXIDO DE MAGNESIO 4.0 G O TRISILICATO DE MAGNESIO: 8.9 G ENVASE CON 240 ML Y DOSIFICADOR.
010-000-2463-00,AMBROXOL SOLUCION (300MG / 120ML),CADA 100 ML CONTIENEN: CLORHIDRATO DE AMBROXOL 300 MG ENVASE CON 120 ML Y DOSIFICADOR
010-000-2012-00,AMFOTERICINA B SOLUCIÓN INYECTABLE (50MG),CADA FRASCO ÁMPULA CON POLVO CONTIENE: AMFOTERICINA B 50 MG ENVASE CON UN FRASCO ÁMPULA.
010-000-0426-00,AMINOFILINA SOLUCIÓN INYECTABLE (250MG/10ML),CADA AMPOLLETA CONTIENE: AMINOFILINA 250 MG .ENVASE CON 5 AMPOLLETAS DE 10 ML.
010-000-4107-00,AMIODARONA  SOLUCIÓN INYECTABLE (150MG),CADA AMPOLLETA CONTIENE: CLORHIDRATO DE AMIODARONA 150 MG. ENVASE CON 6 AMPOLLETAS DE 3 ML. 
010-000-5106-00,ATORVASTATINA TABLETA (20MG),CADA TABLETA CONTIENE: ATORVASTATINA CALCICA TRIHIDRATADA EQUIVALENTE A 20 MG DE ATORVASTATINA. ENVASE CON 10 TABLETAS.
010-000-1546-00,ATOSIBÁN SOLUCIÓN INYECTABLE. (37.5MG / 5ML),CADA FRASCO ÁMPULA CONTIENE: ATOSIBÁN 37.5 MG. ENVASE CON 5.0ML 
010-000-1545-00,ATOSIBÁN SOLUCIÓN INYECTABLE. (6.75MG/ 0.9ML),CADA FRASCO ÁMPULA CONTIENE: ATOSIBÁN 6.75 MG. ENVASE CON 0.9ML 
010-000-0204-00,ATROPINA SOLUCIÓN INYECTABLE. (1MG/1ML),CADA AMPOLLETA CONTIENE: SULFATO DE ATROPINA 1 MG. ENVASE CON 50 AMPOLLETAS CON  1 ML. 
010-000-0801-00,BAÑO COLOIDE POLVO. ,CADA GRAMO CONTIENE: HARINA DE SOYA 965 MG (CONTENIDO PROTEICO 45%) POLIVIDONA 20 MG. ENVASE CON UN SOBRE INDIVIDUAL DE 90 G.
010-000-0477-00,BECLOMETASONA DIPROPIONATO DE SUSPENSIÓN EN AEROSOL. (50MCG),CADA INHALACIÓN CONTIENE: DIPROPIONATO DE BECLOMETASONA 50 MICROGRAMOS. ENVASE CON DISPOSITIVO INHALADOR PARA 200 DOSIS.
010-000-0861-00,BENCILO EMULSION DÉRMICA. (300MG),CADA ML CONTIENE: BENZOATO DE BENCILO 300 MG. ENVASE CON 120 ML.
010-000-2141-00,BETAMETASONA SOLUCIÓN INYECTABLE ( 5.3MG / 1ML ),CADA AMPOLLETA O FRASCO AMPULA CONTIENE: FOSFATO SODICO DE BETAMETASONA 5.3 MG EQUIVALENTE A 4 MG DE BETAMETASONA. ENVASE CON UN FRASCO AMPULA O UNA AMPOLLETA CON 1 ML.
010-000-2119-00,BETAMETASONA UNGÜENTO (64MG),CADA 100 GRAMOS CONTIENE: DIPROPIONATO DE BETAMETASONA 64 MG EQUIVALENTE A 50 MG DE BETAMETASONA. ENVASE CON 30 G
010-000-0655-00,BEZAFIBRATO TABLETA. (200MG),CADA TABLETA CONTIENE: BEZAFIBRATO 200 MG. ENVASE CON 30 TABLETAS.
010-000-3619-00,BICARBONATO DE SODIO SOLUCIÓN INYECTABLE AL 7.5% ,CADA AMPOLLETA CONTIENE: BICARBONATO DE SODIO 0.75 G. ENVASE CON 50 AMPOLLETAS DE 10 ML. CADA AMPOLLETA CON 10 ML CONTIENE: BICARBONATO DE SODIO 8.9 MILIEQUIVALENTE.
010-000-4332-00,BUDESONIDA SUSPENSIÓN PARA NEBULIZAR. (0.250MG / 2ML),CADA ENVASE CONTIENE: BUDESONIDA (MICRONIZADA) 0.250 MG. ENVASE CON 5 ENVASES CON 2 ML
010-000-4333-00,BUDESONIDA SUSPENSIÓN PARA NEBULIZAR. (0.500MG / 2ML),CADA ENVASE CONTIENE: BUDESONIDA (MICRONIZADA) 0.500 MG. ENVASE CON 5 ENVASES CON 2 ML.
010-000-4055-00,BUPIVACAÍNA  SOLUCIÓN INYECTABLE. (15MG/240MG),CADA AMPOLLETA CONTIENE: CLOHIDRATO DE BUPIVACAÍNA 15 MG. DEXTROSA ANHIDRA O GLUCOSA ANHIDRA 240 MG O GLUCOSA MONOHIDRATADA EQUIVALENTE A 240 MG DE GLUCOS ANHIDRA. ENVASE CON 5 AMPOLLETAS CON 3 ML. 
010-000-0271-00,BUPIVACAÍNA  SOLUCIÓN INYECTABLE. (5MG/30ML),CADA ML CONTIENE: CLORHIDRATO DE BUPIVACAÍNA 5 MG. ENVASE CON 30 ML. 
010-000-1206-00,BUTILHIOSCINA O HIOSCINA GRAGEA O TABLETA. (10MG),CADA GRAGEA O TABLETA CONTIENE: BROMURO DE BUTILHIOSCINA O BUTILBROMURO DE HIOSCINA 10 MG.  ENVASE CON 10 GRAGEAS O TABLETAS.
010-000-1207-00,BUTILHIOSCINA SOLUCIÓN INYECTABLE. (20MG / 1ML),CADA AMPOLLETA CONTIENE: BROMURO DE BUTILHIOSCINA 20 MG ENVASE CON 3 AMPOLLETAS DE 1 ML.
010-999-0101-00,"CAFEINA, CITRATO DE, INYECTABLE (200MG) ",ENVASE CON 10 AMPULAS CON 1 ML
010-000-1006-00,CALCIO COMPRIMIDO EFERVESCENTE. (2.94GRS / 300MG),CADA COMPRIMIDO CONTIENE: LACTATO GLUCONATO DE CALCIO 2.94 G CARBONATO DE CALCIO 300 MG EQUIVALENTE A 500 MG DE CALCIO IONIZABLE. ENVASE CON 12 COMPRIMIDOS.
010-000-1095-00,CALCITRIOL CÁPSULA DE GELATINA BLANDA (0.25 MCG),CADA CÁPSULA CONTIENE: CALCITRIOL 0.25 MICROGRAMOS. ENVASE CON 50 CAPSULAS.
010-000-0574-00,CAPTOPRIL TABLETA. (25MG),CADA TABLETA CONTIENE: CAPTOPRIL 25 MG. ENVASE CON 30 TABLETAS.
010-000-1541-00,CARBETOCINA SOLUCIÓN INYECTABLE. (100MCG),CADA AMPOLLETA O FRASCO ÁMPULA CONTIENE: CARBETOCINA 100 MICROGRAMOS. ENVASE CON UNA AMPOLLETA O FRASCO ÁMPULA. 
010-000-2242-00,CARBON ACTIVADO POLVO. ,CADA ENVASE CONTIENE: CARBON ACTIVADO 1 KG ENVASE CON UN KG. (PARA USO EN SERES HUMANOS).
010-000-5313-00,CASPOFUNGINA SOLUCIÓN INYECTABLE (5MG / 1 ML),CADA FRASCO ÁMPULA CON POLVO CONTIENE: ACETATO DE CASPOFUNGINA EQUIVALENTE A 50 MG DE CASPOFUNGINA. ENVASE CON FRASCO ÁMPULA CON POLVO PARA 10.5 ML (5 MG/ML).
010-000-4061-00,"CISATRACURIO, BESILATO DE SOLUCIÓN INYECTABLE. (2MG/5ML)",CADA ML CONTIENE: BESILATO DE CISATRACURIO EQUIVALENTE A 2 MG DE CISATRACURIO. ENVASE CON 1 AMPOLLETA CON 5 ML. 
010-000-4028-00,CLONIXINATO DE LISINA SOLUCIÓN INYECTABLE (100MG/2ML),CADA AMPOLLETA CONTIENE: CLONIXINATO DE LISINA 100 MG ENVASE CON 5 AMPOLLETAS DE 2 ML.
010-000-4246-01,CLOPIDOGREL GRAGEA O TABLETA. (75MG),CADA GRAGEA O TABLETA CONTIENE: BISULFATO DE CLOPIDOGREL O BISULFATO DE CLOPIDOGREL (POLIMORFO FORMA 2) EQUIVALENTE A 75 MG DE CLOPIDOGREL. ENVASE CON 28 GRAGEAS O TABLETAS.
010-000-2821-00,CLORANFENICOL SOLUCIÓN OFTÁLMICA. (5MG / 15ML),CADA ML CONTIENE: CLORANFENICOL LEVOGIRO 5 MG. ENVASE CON GOTERO INTEGRAL CON 15 ML. 
010-000-2822-00,CLORANFENICOL UNGÜENTO OFTALMICO (5 MG),"CADA G CONTIENE: CLORANFENICOL LEVOGIRO 5 MG, ENVASE CON 5 G."
010-000-0408-00,CLORFENAMINA JARABE. (0.5MG /  60ML),CADA MILILITRO CONTIENE: MALEATO DE CLORFENAMINA 0.5 MG. ENVASE CON 60 ML.
010-000-0402-00,CLORFENAMINA TABLETA ,CADA TABLETA CONTIENE: MALEATO DE CLORFENAMINA 4.0 MG. ENVASE CON 20 TABLETAS.
010-000-0524-00,CLORURO DE POTASIO SOLUCIÓN INYECTABLE (1.49G/10ML),"CADA AMPOLLETA CONTIENE: CLORURO DE POTASIO 1.49 G. (20 MILIEQUIVALENTES DE POTASIO, 20 MILIEQUIVALENTES DE CLORO) ENVASE CON 50 AMPOLLETAS CON 10 ML."
010-000-5386-00,CLORURO DE SODIO SOLUCIÓN INYECTABLE AL 17.7%,CADA ML CONTIENE: CLORURO DE SODIO 0.177 G . ENVASE CON CIEN AMPOLLETAS DE 10 ML.
010-000-2714-00,COMPLEJO B CADA TABLETA COMPRIMIDO O CAPSULA (100/5MG),"CONTINE: MONONITRATO O CLORHIDRATO DE TIAMINA 100 MG, CLORHIDRATO DE PIRIDOXINA 5 MG, ENVASE CON 30 TABLETAS, COMPRIMIDOS O CAPSULAS"
010-000-4241-00,DEXAMETASONA SOLUCIÓN INYECTABLE. (8MG/2ML),CADA FRASCO ÁMPULA O AMPOLLETA CONTIENE: FOSFATO SÓDICO DE DEXAMETASONA EQUIVALENTE A 8 MG DE FOSFATO DE DEXAMETASONA. ENVASE CON UN FRASCO ÁMPULA O AMPOLLETA CON 2 ML.
010-000-0247-01,DEXMEDETOMIDINA SOLUCIÓN INYECTABLE. (200MCG),CADA FRASCO ÁMPULA CONTIENE: CLORHIDRATO DE DEXMEDETOMIDINA 200 MICROGRAMOS. ENVASE CON 5 FRASCOS ÁMPULAS.  
010-000-3417-00,DICLOFENACO CÁPSULA O GRAGEA DE LIBERACIÓN PROLONGADA. (100MG),CADA CÁPSULA O GRAGEA CONTIENE: DICLOFENACO SODICO 100 MG ENVASE CON 20 CÁPSULAS O GRAGEAS.
010-000-5501-00,DICLOFENACO SOLUCIÓN INYECTABLE. (75MG/3ML),CADA AMPOLLETA CONTIENE: DICLOFENACO SÓDICO 75 MG. ENVASE CON 2 AMPOLLETAS CON 3 ML.
010-000-0406-00,DIFENHIDRAMINA SOLUCIÓN INYECTABLE. (100MG/10ML),CADA FRASCO ÁMPULA CONTIENE: CLORHIDRATO DE DIFENHIDRAMINA 100 MG.  ENVASE CON FRASCO ÁMPULA DE 10 ML.
010-000-3112-00,DIFENIDOL SOLUCIÓN INYECTABLE. (40MG/2ML),CADA AMPOLLETA CONTIENE: CLORHIDRATO DE DIFENIDOL EQUIVALENTE A 40 MG DE DIFENIDOL. ENVASE CON 2 AMPOLLETAS DE 2 ML.
010-000-0503-00,DIGOXINA ELIXIR. ,CADA ML CONTIENE: DIGOXINA 0.05 MG ENVASE CONTENIENDO 60 ML CON GOTERO CALIBRADO DE 1 ML INTEGRADO O ADJUNTO AL FRASCO Y LE SIRVE DE TAPA.
010-000-0504-00,DIGOXINA SOLUCIÓN INYECTABLE. (0.5MG/2ML),CADA AMPOLLETA CONTIENE: DIGOXINA 0.5 MG. ENVASE CON 6 AMPOLLETAS DE 2 ML. 
010-000-4203-00,DINOPROSTONA GEL (0.5MG),CADA JERINGA CONTIENE: DINOPROSTONA 0.5 MG ENVASE CON JERINGA Y CANULA.
010-000-0615-00,DOBUTAMINA SOLUCIÓN INYECTABLE. (250MG/5ML),CADA FRASCO ÁMPULA O AMPOLLETA CONTIENE: CLORHIDRATO DE DOBUTAMINA EQUIVALENTE A 250 MG DE DOBUTAMINA. ENVASE CON 5 AMPOLLETAS CON 5 ML CADA UNA O CON UN FRASCO ÁMPULA CON 20 ML. 
010-000-0614-00,DOPAMINA SOLUCIÓN INYECTABLE. (200MG/5ML),CADA AMPOLLETA CONTIENE: CLORHIDRATO DE DOPAMINA 200 MILIGRAMOS. ENVASE CON 5 AMPOLLETAS CON 5 ML.
010-000-3623-00,ELECTROLITOS ORALES SOLUCIÓN. ,CADA SOBRE CON POLVO CONTIENE: GLUCOSA 20.0 G CLORURO DE POTASIO 1.5 G CLORURO DE SODIO 3.5 G CITRATO TRISÓDICO DIHIDRATADO 2.9 G. ENVASE CON 27.9 G.
010-000-2501-00,ENALAPRIL O LISINOPRIL O RAMIPRIL CÁPSULA O TABLETA. (10MG),CADA CÁPSULA O TABLETA CONTIENE: MALEATO DE ENALAPRIL 10 MG O LISINOPRIL 10 MG O RAMIPRIL 10 MG ENVASE CON 30 CÁPSULAS O TABLETAS.
010-000-2154-00,ENOXAPARINA SOLUCIÓN INYECTABLE (40MG/0.4ML),CADA JERINGA CONTIENE: ENOXAPARINA SODICA 40 MG. ENVASE CON 2 JERINGAS DE 0.4 ML.
010-000-0611-00,EPINEFRINA SOLUCIÓN INYECTABLE. (1MG/1ML),CADA AMPOLLETA CONTIENE: EPINEFRINA 1 MG. (1:1000). ENVASE CON 50 AMPOLLETAS CON 1 ML.
010-000-5332-00,ERITROPOYETINA SOLUCIÓN INYECTABLE. ,CADA FRASCO ÁMPULA CON LIOFILIZADO O SOLUCION CONTIENE: ERITROPOYETINA HUMANA RECOMBINANTE O ERITROPOYETINA HUMANA RECOMBINANTE ALFA O ERITROPOYETINA BETA 2000 UI. ENVASE CON 12 FRASCOS ÁMPULA 1 ML CON O SIN DILUYENTE.
010-000-5105-00,ESMOLOL  SOLUCIÓN INYECTABLE. (250MG/ML),CADA AMPOLLETA CONTIENE: CLORHIDRATO DE ESMOLOL 2.5 G. ENVASE CON 2 AMPOLLETAS CON 10 ML (250 MG/ML) 
010-000-2304-01,ESPIRONOLACTONA TABLETA. (25MG),CADA TABLETA CONTIENE: ESPIRONOLACTONA 25 MG .ENVASE CON 30 TABLETAS.
010-000-2624-00,FENITOÍNA SOLUCIÓN INYECTABLE (250MG/5ML),CADA AMPOLLETA CONTIENE: FENÍTOINA SÓDICA 250 MG. ENVASE CON UNA AMPOLLETA (250 MG/5 ML).
010-000-2611-00,FENITOÍNA SUSPENSIÓN ORAL.  (37.5 MG / 5 ML),CADA 5 ML CONTIENEN: FENITOINA 37.5 MG.  ENVASE CON 120 ML Y VASITO DOSIFICADOR DE 5 ML.
010-000-0626-01,FITOMENADIONA SOLUCIÓN O EMULSIÓN INYECTABLE. (10MG/1ML),CADA AMPOLLETA CONTIENE: FITOMENADIONA 10 MG. ENVASE CON 5 AMPOLLETAS DE 1 ML.
010-000-1732-01,FITOMENADIONA SOLUCIÓN O EMULSIÓN INYECTABLE. (2MG/0.2ML),CADA AMPOLLETA CONEIENTE FITOMENADIONA 2 MG. ENVASE CON 5 AMPOLLETAS DE O.2 ML
010-000-2135-00,FLUCONAZOL SOLUCIÓN INYECTABLE. (2MG/ML) (100MG),CADA FRASCO ÁMPULA CONTIENE: FLUCONAZOL 100 MG. ENVASE CON UN FRASCO AMPULA CON 50 ML (2 MG/ML).
030-000-0021-00,FORMULA DE PROTEINA AISLADA DE SOYA. POLVO. ,"CONTENIDO EN: KILOCALORIAS: UNIDAD KCAL, EN 100 G, MINIMO 515.00, MAXIMO 524.00. EN 100 KCAL, MINIMO 100.00, MAXIMO 100.00. EN 100 ML, MINIMO 66.67, MAXIMO 68.00; LIPIDOS: UNIDAD G, EN 100 G, MINIMO 20.00, MAXIMO 28.30. EN 100 KCAL, MINIMO 5.30, MAXIMO 5.46. EN 100 ML, MINIMO 3.60, MAXIMO 3.70; PROTEINAS: UNIDAD G, EN 100 G, MINIMO 13.70, MAXIMO 15.60. EN 100 KCAL, MINIMO 2.64, MAXIMO 3.0. EN 100 ML, MINIMO 1.80, MAXIMO 2.0; TAURINA: UNIDAD MG, EN 100 G, MINIMO 0.00, MAXIMO 36.00. EN 100 KCAL, MINIMO 0.00, MAXIMO 7.00. EN 100 ML, MINIMO 0.00, MAXIMO 4.60; HIDRATOS DE CARBONO: UNIDAD G, EN 100 G, MINIMO 51.00, MAXIMO 54.00. EN 100 KCAL, MINIMO 10.00, MAXIMO 10.40. EN 100 ML, MINIMO 6.60, MAXIMO 6.90; SODIO: UNIDAD MG, EN 100 G, MINIMO 140.00, MAXIMO 243.00. EN 100 KCAL, MINIMO 27.00, MAXIMO 47.00. EN 100 ML, MINIMO 18.00, MAXIMO 32.00; POTASIO: UNIDAD MG, EN 100 G, MINIMO 525.00, MAXIMO 629.00. EN 100 KCAL, MINIMO 100.00, MAXIMO 120.00. EN 100 ML, MINIMO 65.00, MAXIMO 81.12; CLORUROS: UNIDAD MG, EN 100 G, MINIMO 315.00, MAXIMO 449.00. EN 100 KCAL, MINIMO 60.00, MAXIMO 86.90. EN 100 ML, MINIMO 40.00, MAXIMO 59.00; CALCIO: UNIDAD MG, EN 100 G, MINIMO 420.00, MAXIMO 532.00. EN 100 KCAL, MINIMO 80.00, MAXIMO 102.90. EN 100 ML, MINIMO 54.00, MAXIMO 70.00; FOSFORO: UNIDAD MG, EN 100 G, MINIMO 210.00, MAXIMO 393.00. EN 100 KCAL, MINIMO 40.00, MAXIMO 75.00. EN 100 ML, MINIMO 27.00, MAXIMO 50.70; L-CARNITINA: UNIDAD MG, EN 100 G, MINIMO 0.00, MAXIMO 12.00. EN 100 KCAL, MINIMO 0.00, MAXIMO 2.30. EN 100 ML, MINIMO 0.00, MAXIMO 1.50; VITAMINA A: UNIDAD U.I., EN 100 G, MINIMO 1572.00, MAXIMO 2000.00. EN 100 KCAL, MINIMO 300.00, MAXIMO 386.66. EN 100 ML, MINIMO 202.80, MAXIMO 263.00; VITAMINA D: UNIDAD U.I., EN 100 G, MINIMO 304.00, MAXIMO 350.00. EN 100 KCAL, MINIMO 60.00, MAXIMO 66.00. EN 100 ML, MINIMO 40.00, MAXIMO 44.00; VITAMINA E: UNIDAD U.I., EN 100 G, MINIMO 10.50, MAXIMO 19.40. EN 100 KCAL, MINIMO 2.00, MAXIMO 3.00. EN 100 ML, MINIMO 1.35, MAXIMO 2.57; VITAMINA K: UNIDAD MICROGRAMOS, EN 100 G, MINIMO 40.00, MAXIMO 76.00. EN 100 KCAL, MINIMO 8.00, MAXIMO 15.00. EN 100 ML, MINIMO 5.00, MAXIMO 10.00; VITAMINA C: UNIDAD MG, EN 100 G, MINIMO 53.00, MAXIMO 68.00. EN 100 KCAL, MINIMO 10.30, MAXIMO 13.50. EN 100 ML, MINIMO 7.00, MAXIMO 9.00; VITAMINA B1 (TIAMINA): UNIDAD MICROGRAMOS, EN 100 G, MINIMO 300.00, MAXIMO 758.00. EN 100 KCAL, MINIMO 60.00, MAXIMO 150.00. EN 100 ML, MINIMO 40.00, MAXIMO 100.00; VITAMINA B2 (RIBOFLAVINA): UNIDAD MICROGRAMOS, EN 100 G, MINIMO 456.00, MAXIMO 1136.00. EN 100 KCAL, MINIMO 88.20, MAXIMO 225.00. EN 100 ML, MINIMO 60.00, MAXIMO 150.00; NIACINA: UNIDAD MICROGRAMOS, EN 100 G, MINIMO 3000.00, MAXIMO 5300.00. EN 100 KCAL, MINIMO 600.00, MAXIMO 1350.00. EN 100 ML, MINIMO 400.00, MAXIMO 700.00; VITAMINA B6 (PIRIDOXINA): UNIDAD MICROGRAMOS, EN 100 G, MINIMO 300.00, MAXIMO 455.00. EN 100 KCAL, MINIMO 58.80, MAXIMO 90.00. EN 100 ML, MINIMO 40.00, MAXIMO 60.00; ACIDO FOLICO: UNIDAD MICROGRAMOS, EN 100 G, MINIMO 61.00, MAXIMO 100.00. EN 100 KCAL, MINIMO 12.00, MAXIMO 19.40. EN 100 ML, MINIMO 8.00, MAXIMO 13.20; ACIDO PANTOTENICO: UNIDAD MICROGRAMOS, EN 100 G, MINIMO 2000.00, MAXIMO 3800.00. EN 100 KCAL, MINIMO 400.00, MAXIMO 750.00. EN 100 ML, MINIMO 300.00, MAXIMO 500.00; VITAMINA B12 (CIANOCOBALAMINA): UNIDAD MICROGRAMOS, EN 100 G, MINIMO 1.50, MAXIMO 2.30. EN 100 KCAL, MINIMO 0.30, MAXIMO 0.41. EN 100 ML, MINIMO 020, MAXIMO 0.30; BIOTINA: UNIDAD MICROGRAMOS, EN 100 G, MINIMO 12.00, MAXIMO 27.00. EN 100 KCAL, MINIMO 2.30, MAXIMO 5.30. EN 100 ML, MINIMO 1.50, MAXIMO 3.50; COLINA: UNIDAD MG, EN 100 G, MINIMO 55.00, MAXIMO 63.00. EN 100 KCAL, MINIMO 10.00, MAXIMO 12.80. EN 100 ML, MINIMO 7.0, MAXIMO 8.50; INOSITOL: UNIDAD MG, EN 100 G, MINIMO 25.80, MAXIMO 89.00. EN 100 KCAL, MINIMO 5.00, MAXIMO 17.00. EN 100 ML, MINIMO 3.40, MAXIMO 11.50; MAGNESIO: UNIDAD MG, EN 100 G, MINIMO 40.00, MAXIMO 58.00. EN 100 KCAL, MINIMO 7.50, MAXIMO 11.00. EN 100 ML, MINIMO 5.00, MAXIMO 7.44; HIERRO: UNIDAD MG, EN 100 G, MINIMO 6.30, MAXIMO 9.40. EN 100 KCAL, MINIMO 1.20, MAXIMO 1.80. EN 100 ML, MINIMO 0.80, MAXIMO 1.20; YODO: UNIDAD MICROGRAMOS, EN 100 G, MINIMO 76.00, MAXIMO 105.00. EN 100 KCAL, MINIMO 14.70, MAXIMO 20.00. EN 100 ML, MINIMO 10.00, MAXIMO 13.00; COBRE: UNIDAD MICROGRAMOS, EN 100 G, MINIMO 315.00, MAXIMO 424.00. EN 100 KCAL, MINIMO 60.00, MAXIMO 84.00. EN 100 ML, MINIMO 40.00, MAXIMO 56.00; ZINC: UNIDAD MG, EN 100 G, MINIMO 4.50, MAXIMO 6.00. EN 100 KCAL, MINIMO 0.90, MAXIMO 1.20. EN 100 ML, MINIMO 0.49, MAXIMO 0.81; MANGANESO: UNIDAD MICROGRAMOS, EN 100 G, MINIMO 131.00, MAXIMO 304.00. EN 100 KCAL, MINIMO 25.00, MAXIMO 59.00. EN 100 ML, MINIMO 16.90, MAXIMO 40.00; POR CIENTO DE DILUCION, UNIDAD POR CIENTO.- EN CADA 100 GRAMOS MINIMO 13.00, MAXIMO 13.70. ENVASE CON 400 A 454 G Y MEDIDA DE 4.30 A 4.50 G."
030-000-0013-00,FORMULA DE PROTEINA EXTENSAMENTE HIDROLIZADA. POLVO. ,"CONTENIDO EN NUTRIMENTOS: KILOCALORIAS.- EN CADA 100 GRAMOS MINIMO 457.0, MAXIMO 470.00, EN CADA 100 KILOCALORIAS MINIMO 100, MAXIMO 100, EN CADA 100 MILILITROS MINIMO 66.00 MAXIMO 70.00; LIPIDOS UNIDAD EN GRAMOS.- EN CADA 100 GRAMOS MINIMO 20.108, MAXIMO 28.2, EN CADA 100 KILOCALORIAS MINIMO 4.4, MAXIMO 6, EN CADA 100 MILILITROS MINIMO 2.90, MAXIMO 4.20; A.LINOLEICO.- UNIDAD MG EN 100 G. MINIMO 1371 MAXIMO 6580 EN 100 KCALS. MINIMO 300 MAXIMO 1400 100 ML. MINIMO 198.00 MAXIMO 980.00. A.LINOLENICO.- UNIDAD MG EN 100 G. MINIMO 228.5 MAXIMO SE* EN 100 KCALS. MINIMO 50 MAXIMO SE 100 ML. MINIMO 33.00 MAXIMO SE*. RELAC A. LINOLEICO/ A. ? LINOLENICO EN 100CADA 100 GRAMOS.- MINIMO 5:1, MAXIMO 15:1, EN CADA 100 KILOCALORIAS MINIMO 5:1, MAXIMO 15:1, EN CADA 100 ML. MINIMO 5:1, MAXIMO 15:1; PROTEINA HIDROLIZADA DE CASEINA Y/O SUERO, PEPTIDOS: 85% O MAS, DE MENOS DE 1,500 DALTONS UNIDAD EN GRAMOS.- EN CADA 100 GRAMOS MINIMO 10.2825, MAXIMO 14.1, EN CADA 100 KILOCALORIAS MINIMO 2.25, MAXIMO 3, EN CADA 100 MILILITROS MINIMO 1.49, MAXIMO 2.10; TAURINA EN MILIGRAMOS.- EN CADA 100 KILOCALORIAS MINIMO 6.00, MAXIMO 8.00; HIDRATOS DE CARBONO ** UNIDAD EN GRAMOS.- EN CADA 100 GRAMOS MINIMO 45.7 MAXIMO 65.8, EN CADA 100 KILOCALORIAS MINIMO 10, MAXIMO 14, EN CADA 100 MILILITROS MINIMO 6.60, MAXIMO 980; SODIO UNIDAD EN MILIGRAMOS.- EN CADA 100 GRAMOS MINIMO 91.4, MAXIMO 282, EN CADA 100 KILOCALORIAS MINIMO 20, MAXIMO 60, EN CADA 100 MILILITROS MINIMO 13.20, MAXIMO 42.00; POTASIO UNIDAD EN MILIGRAMOS.- EN CADA 100 GRAMOS MINIMO 447.86, MAXIMO 752, EN CADA 100 KILOCALORIAS MINIMO 98, MAXIMO 160, EN CADA 100 MILILITROS MINIMO 64.68, MAXIMO 112.00; CLORUROS UNIDAD EN MILIGRAMOS.- EN CADA 100 GRAMOS MINIMO 287.91, MAXIMO 752, EN CADA 100 KILOCALORIAS MINIMO 63, MAXIMO 160, EN CADA 100 MILILITROS MINIMO 41.58, MAXIMO 112.00; CALCIO UNIDAD EN MILIGRAMOS.- EN CADA 100 GRAMOS MINIMO 370.17, MAXIMO 658, EN CADA 100 KILOCALORIAS MINIMO 81, MAXIMO 140, EN CADA 100 MILILITROS MINIMO 53.46, MAXIMO 98.00 ; FOSFORO UNIDAD EN MILIGRAMOS.- EN CADA 100 GRAMOS MINIMO 187.37, MAXIMO 470, EN CADA 100 KILOCALORIAS MINIMO 41, MAXIMO 100, EN CADA 100 MILILITROS MINIMO 27.06, MAXIMO 70.00; RELACION CA/P EN CADA 100 GRAMOS MINIMO 1:1, MAXIMO 2:1, EN CADA 100 KILOCALORIAS MINIMO 1:1, MAXIMO 2:1, EN CADA 100 MILILITROS MINIMO 1:1, MAXIMO 2:1; VITAMINA A ER (RETINO)1 UNIDAD EN MICROGRAMOS.- EN CADA 100 GRAMOS MINIMO 274.2, MAXIMO 846, EN CADA 100 KILOCALORIAS MINIMO 60, MAXIMO 180, EN CADA 100 MILILITROS MINIMO 39.60, MAXIMO 126.00; VITAMINA D3 (CALCIFEROL) 2.- UNIDAD EN MG.- EN CADA 100 GRAMOS MINIMO 4.57, MAXIMO 11.75, EN CADA 100 KILOCALORIAS MINIMO 1, MAXIMO2.5, EN CADA 100 MILILITROS MINIMO 0.66, MAXIMO 1.75; VITAMINA E (A TOCOFEROL).- EN UNIDAD MG..- EN CADA 100 GRAMOS MINIMO 2.285, MAXIMO 23.5, EN CADA 100 KILOCALORIAS MINIMO 0.5 MAXIMO 5, EN CADA 100 MILILITROS MINIMO 0.33, MAXIMO 3.50; VITAMINA K UNIDAD EN MICROGRAMOS.- EN CADA 100 GRAMOS MINIMO 35.189, MAXIMO 117.5, EN CADA 100 KILOCALORIAS MINIMO 7.7, MAXIMO 25, EN CADA 100 MILILITROS MINIMO 5.08, MAXIMO 17.50; VITAMINA C UNIDAD EN MILIGRAMOS.- EN CADA 100 GRAMOS MINIMO 36.56, MAXIMO 51.7, EN CADA 100 KILOCALORIAS MINIMO 8, MAXIMO 11, EN CADA 100 MILILITROS MINIMO 5.28, MAXIMO 7.70; VITAMINA B1 (TIAMINA) EN MICROGRAMOS. ..- EN CADA 100 GRAMOS MINIMO 274.2, MAXIMO 1410, EN CADA 100 KILOCALORIAS MINIMO 60, MAXIMO 300, EN CADA100 MILILITROS MINIMO 39.60, MAXIMO 210.00; VITAMINA B2 (RIBOFLAVINA).- UNIDAD EN MICROGRAMOS.- EN CADA 100 GRAMOS MINIMO 411.3 MAXIMO 1880, EN CADA 100 KILOCALORIAS MINIMO 90, MAXIMO 400, EN CADA 100 MILILITROS MINIMO 59.40, MAXIMO 280; NIACINA UNIDAD EN MICROGRAMOS.- EN CADA 100 GRAMOS MINIMO 3427.5, MAXIMO 7050 EN CADA 100 KILOCALORIAS MINIMO 750, MAXIMO 1500, EN CADA 100 MILILITROS MINIMO 495.00, MAXIMO 1050.00; VITAMINA B6 (PIRIDOXINA) UNIDAD EN MICROGRAMOS.- EN CADA 100 GRAMOS MINIMO 274.2, MAXIMO 822.5, EN CADA 100 KILOCALORIAS MINIMO 60, MAXIMO 175, EN CADA 100 MILILITROS MINIMO 39.60, MAXIMO 122.50; ACIDO FOLICO UNIDAD EN MICROGRAMOS.- EN CADA 100 GRAMOS MINIMO 45.7, MAXIMO 235, EN CADA 100 KILOCALORIAS MINIMO 10, MAXIMO 50, EN CADA 100 MILILITROS MINIMO 6.60, MAXIMO 35.00; ACIDO PANTOTENICO UNIDAD EN MICROGRAMOS.- EN CADA 100 GRAMOS MINIMO 1828, MAXIMO 9400, EN CADA 100 KILOCALORIAS MINIMO 400, MAXIMO 2000, EN CADA 100 MILILITROS MINIMO 264.00, MAXIMO 1400.00; VITAMINA B12 (CIANOCOBALAMINA UNIDAD EN MICROGRAMOS.- EN CADA 100 GRAMOS MINIMO 0.914, MAXIMO 7.05, EN CADA 100 KILOCALORIAS MINIMO 0.2, MAXIMO 1.5, EN CADA 100 MILILITROS MINIMO 0.13, MAXIMO 1.05; BIOTINA UNIDAD EN MICROGRAMOS.-.- EN CADA 100 GRAMOS MINIMO 0.914, MAXIMO 7.05, EN CADA 100 KILOCALORIAS MINIMO 0.2, MAXIMO 1.5, EN CADA 100 MILILITROS MINIMO 0.13, MAXIMO 1.05; COLINA UNIDAD EN MILIGRAMOS.- EN CADA 100 GRAMOS MINIMO 0.914, MAXIMO 7.05, EN CADA 100 KILOCALORIAS MINIMO 0.2, MAXIMO 1.5, EN CADA 100 MILILITROS MINIMO 0.13, MAXIMO 1.05; MIOINOSITOL UNIDAD EN MILIGRAMOS.- EN CADA 100 GRAMOS MINIMO 18.28,MAXIMO 188, EN CADA 100 KILOCALORIAS MINIMO 4, MAXIMO 40, EN CADA 100 MILILITROS MINIMO 2.64, MAXIMO 28.00; MAGNESIO UNIDAD EN MILIGRAMOS.- EN CADA 100 GRAMOS MINIMO 50.27, MAXIMO 70.5, EN CADA 100 KILOCALORIAS MINIMO 11, MAXIMO 15, EN CADA 100 MILILITROS MINIMO 7.26, MAXIMO 1050; HIERRO UNIDADEN MILIGRAMOS.- EN CADA 100 GRAMOS MINIMO 5484, MAXIMO 6.11, EN CADA 100 KILOCALORIAS MINIMO 1.2, MAXIMO 1.3, EN CADA 100 MILILITROS MINIMO 0.79, MAXIMO 0.91; YODO UNIDAD EN MICROGRAMOS.- EN CADA 100 GRAMOS MINIMO 45.7, MAXIMO 235, EN CADA 100 KILOCALORIAS MINIMO 10, MAXIMO 50, EN CADA 100 MILILITROS MINIMO 6.60, MAXIMO 35.00; COBRE UNIDAD EN MICROGRAMOS.- EN CADA 100 GRAMOS MINIMO 274.2, MAXIMO 465.3, EN CADA 100 KILOCALORIAS MINIMO 60, MAXIMO 99, EN CADA 100 MILILITROS MINIMO 39.60, MAXIMO 69.30; ZINC UNIDAD EN MILIGRAMOS.- EN CADA 100 GRAMOS MINIMO 2.285, MAXIMO 7.05, EN CADA 100 KILOCALORIAS MINIMO 0.5, MAXIMO 1.5, EN CADA 100 MILILITROS MINIMO 0.33, MAXIMO 1.05; MANGANESO UNIDAD EN MICROGRAMOS.- EN CADA 100 GRAMOS MINIMO 31.99, MAXIMO 235, EN CADA 100 KILOCALORIAS MINIMO 7, MAXIMO 50, EN CADA 100 MILILITROS MINIMO 4.62, MAXIMO 35; CARNITINA UNIDAD EN MILIGRAMOS.- EN CADA 100 GRAMOS MINIMO 31.99, MAXIMO 235, EN CADA 100 KILOCALORIAS MINIMO 7, MAXIMO 50, EN CADA 100 MILILITROS MINIMO 4.62, MAXIMO 35; SELENIO UNIDAD EN MICROGRAMOS EN CADA 100 GRAMOS MINIMO 4.57, MAXIMO 42.3, EN CADA 100 KILOCALORIAS MINIMO 1, MAXIMO 9, EN CADA 100 MILILITROS MINIMO 0.66, MAXIMO 6.30; NUCLEOTIDOS (OPCIONALES) UNIDAD EN MILIGRAMOS EN CADA 100 GRAMOS MINIMO 8.683, MAXIMO 75.2, EN CADA 100 KILOCALORIAS MINIMO 1.9, MAXIMO 16, EN CADA 100 MILILITROS MINIMO 1.25, MAXIMO 11.20; CROMO (OPCIONAL) UNIDAD EN MICROGRAMOS EN CADA 100 GRAMOS MINIMO 6855, MAXIMO 47, EN CADA 100 KILOCALORIAS MINIMO 1.5, MAXIMO 10, EN CADA 100 MILILITROS MINIMO 0.99, MAXIMO 7.00; MOLIBDENO (OPCIONAL) UNIDAD EN MICROGRAMOS EN CADA 100 GRAMOS MINIMO 6855, MAXIMO 47, EN CADA 100 KILOCALORIAS MINIMO 1.5, MAXIMO 10, EN CADA 100 MILILITROS MINIMO 0.99, MAXIMO 7.00; TAURINA (OPCIONAL) UNIDAD EN MILIGRAMOS EN CADA 100 GRAMOS MINIMO 27.42, MAXIMO 56.4, EN CADA 100 KILOCALORIAS MINIMO 6, MAXIMO 12, EN CADA 100 MILILITROS MINIMO 3.96, MAXIMO 8.40 DILUCION 14.5% A 15.00%. ENVASE CON 400 A 450 G Y MEDIDA DE 4.30 A 4.50 G.* AUNQUE NO EXISTE UN NIVEL SUPERIOR DE RECOMENDACION SIEMPRE DEBERA CONSERVAR LA RELACION DE ACIDO LINOLEICO/ACIDO LINOLENICO. ** HIDRATOS DE CARBONO: LA LACTOSA Y LOS POLIMEROS DE GLUCOSA DEBEN SER LOS HIDRATOS DE CARBONO PREFERIDOS, SOLO PODRAN AÑADIRSE ALMIDONES NATURALMENTE EXENTOS DE GLUTEN PRECOCIDOS Y/O GELATINIZADOS HASTA UN MAXIMO DE 30% DEL CONTENIDO TOTAL DE HIDRATOS DE CARBONO Y HASTA UN MAXIMO DE 2 G/100ML. DEBERA EVITARSE EL USO DE SACAROSA Y/O ADICION DE FRUCTUOSA."
010-000-5335-01,FOSFOLÍPIDOS DE PULMÓN PORCINO SUSPENSIÓN.,CADA MILILITRO CONTIENE: FOSFOLÍPIDOS DE PULMÓN PORCINO 80 MG. ENVASE CON 3 ML.
010-000-1701-00,FUMARATO FERROSO TABLETA. (200MG),CADA TABLETA CONTIENE: FUMARATO FERROSO 200 MG EQUIVALENTE A 65.74 MG DE HIERRO ELEMENTAL. ENVASE CON 50 TABLETAS.
010-000-2308-00,FUROSEMIDA SOLUCIÓN INYECTABLE. (20MG/2ML),CADA AMPOLLETA CONTIENE: FUROSEMIDA 20 MG.ENVASE CON 5 AMPOLLETAS DE 2 ML.
010-000-2307-00,FUROSEMIDA TABLETA. (40MG),CADA TABLETA CONTIENE: FUROSEMIDA 40 MG ENVASE CON 20 TABLETAS.
010-000-3620-00,GLUCONATO DE CALCIO SOLUCIÓN INYECTABLE (1GR / 10ML),CADA AMPOLLETA CONTIENE: GLUCONATO DE CALCIO 1 G EQUIVALENTE A 0.093 G DE CALCIO IONIZABLE. ENVASE CON 50 AMPOLLETAS DE 10 ML.
010-000-0621-00,HEPARINA SOLUCIÓN INYECTABLE (10 000 UI) (1000UI/ML),CADA FRASCO ÁMPULA CONTIENE: HEPARINA SODICA EQUIVALENTE A 10 000 UI DE HEPARINA. ENVASE CON 50 FRASCOS ÁMPULA CON 10 ML (1000 UI/ML).
010-000-0622-00,HEPARINA SOLUCIÓN INYECTABLE (25 000 UI) (5000UI/ML),CADA FRASCO ÁMPULA CONTIENE: HEPARINA SODICA EQUIVALENTE A 25 000 UI DE HEPARINA. ENVASE CON 50 FRASCOS ÁMPULA CON 5 ML (5000 UI/ML).
010-000-4201-00,HIDRALAZINA SOLUCIÓN INYECTABLE. (20MG/1ML),CADA AMPOLLETA  O FRASCO ÁMPULA CONTIENE: CLORHIDRATO DE HIDRALAZINA 20 MG. ENVASE CON 5 AMPOLLETAS CON 1.0 ML.
010-000-0570-00,HIDRALAZINA TABLETA. (10MG),CADA TABLETA CONTIENE: CLORHIDRATO DE HIDRALAZINA 10 MG. ENVASE CON 20 TABLETAS.
010-000-2301-00,HIDROCLOROTIAZIDA TABLETA. (25MG),CADA TABLETA CONTIENE: HIDROCLOROTIAZIDA 25 MG. ENVASE CON 20 TABLETAS.
010-000-0474-00,HIDROCORTISONA SOLUCIÓN INYECTABLE. (100MG/2ML),CADA FRASCO ÁMPULA CONTIENE: SUCCINATO SÓDICO DE HIDROCORTISONA EQUIVALENTE A 100 MG DE HIDROCORTISONA. ENVASE CON 50 FRASCOS ÁMPULA Y 50 AMPOLLETAS CON 2 ML DE DILUYENTE.
010-000-1705-00,HIERRO DEXTRÁN SOLUCIÓN INYECTABLE. (100MG/2ML),CADA AMPOLLETA CONTIENE: HIERRO EN FORMA DE HIERRO DEXTRÁN 100 MG. ENVASE CON 3 AMPOLLETAS DE 2 ML.
010-000-3413-00,INDOMETACINA CÁPSULA. (25MG),CADA CÁPSULA CONTIENE: INDOMETACINA 25 MG.ENVASE CON 30 CAPSULAS.
010-000-3412-00,INDOMETACINA SUPOSITORIO (100MG),CADA SUPOSITORIO CONTIENE: INDOMETACINA 100 MG ENVASE CON 6 SUPOSITORIOS.
010-000-1591-00,INMUNOGLOBULINA ANTI D SOLUCIÓN INYECTABLE. (300MG),CADA FRASCO AMPULA O JERINGA PRELLENADA CONTIENE: INMUNOGLOBULINA ANTI D 0.300 MG. ENVASE CON UN FRASCO ÁMPULA CON O SIN DILUYENTE O UNA JERINGA O UNA AMPOLLETA.
010-000-5240-00,INMUNOGLOBULINA G NO MODIFICADA SOLUCION INYECTABLE. ,CADA FRASCO AMPULA CON LIOFILIZADO O SOLUCION CONTIENEN: INMUNOGLOBULINA G NO MODIFICADA 6 G. ENVASE CON UN FRASCO AMPULA CON 120 ML.
010-000-1050-01,INSULINA HUMANA ACCION INTERMEDIA NPH SUSPENSIÓN INYECTABLE,CADA ML CONTIENE: INSULINA HUMANA ISOFANA (ORIGEN ADN RECOMBINANTE) 100 UI O INSULINA ZINC ISOFANA HUMANA (ORIGEN ADN RECOMBINANTE) 100 UI ENVASE CON UN FRASCO ÁMPULA CON 10 ML.
010-000-1051-01,INSULINA HUMANA ACCIÓN RÁPIDA REGULAR. SOLUCIÓN INYECTABLE. ,CADA ML CONTIENE: INSULINA HUMANA (ORIGEN ADN RECOMBINANTE) 100 UI O INSULINA ZINC ISÓFANA HUMANA (ORIGEN ADN RECOMBINANTE) 100 UI. ENVASE CON UN FRASCO ÁMPULA CON 10 ML.
010-000-2162-00,IPRATROPIO SUSPENSIÓN EN AEROSOL. ,CADA G CONTIENE: BROMURO DE IPRATROPIO 0.286 MG (20 MICROGRAMO POR NEBULIZACIÓN). ENVASE CON 15 ML (21.0 G) COMO AEROSOL.
010-000-2187-00,"IPRATROPIO, BROMURO DE, SOLUCION (0.25 MG )",ENVASE CON 20 ML
010-000-2188-00,IPRATROPIO - SALBUTAMOL SOLUCION (0.50 MG/2.50 MG/2.5 ML),10 AMPOLLETAS DE 2.5 ML
010-000-3422-00,KETOROLACO SOLUCIÓN INYECTABLE.  (30MG/1ML),CADA FRASCO ÁMPULA O AMPOLLETA CONTIENE: KETOROLACO-TROMETAMINA 30 MG. ENVASE CON 3 FRASCOS ÁMPULA O 3 AMPOLLETAS DE 1 ML. 
010-000-2616-00,LEVETIRACETAM SOLUCIÓN ORAL.  (100MG/ML),CADA 100 ML CONTIENEN: LEVETIRACETAM 10 GR. ENVASE CON 300 ML. (100 MG/ ML)
010-000-1007-00,LEVOTIROXINA TABLETA. (100MCG),CADA TABLETA CONTIENE: LEVOTIROXINA SODICA EQUIVALENTE A 100 MICROGRAMOS DE LEVOTIROXINA SÓDICA ANHIDRA. ENVASE CON 100 TABLETAS.
010-000-0264-00,LIDOCAÍNA SOLUCIÓN AL 10 %. ,CADA 100 ML CONTIENE: LIDOCAÍNA 10.0 G. ENVASE CON 115 ML CON ATOMIZADOR MANUAL. . 
010-000-0262-00,LIDOCAÍNA SOLUCIÓN INYECTABLE AL 2 %. ,CADA FRASCO ÁMPULA CONTIENE: CLORHIDRATO DE LIDOCAÍNA 1 G. ENVASE CON 5 FRASCOS ÁMPULA CON 5O ML
010-000-0265-00,"LIDOCAINA, EPINEFRINA SOLUCIÓN INYECTABLE AL 2%. ","CADA FRASCO ÁMPULA CONTIENE: CLORHIDRATO DE LIDOCAÍNA 1G, EPINEFRINA (1:200 000) 0.25 MG.ENVASE CON 5 FRASCOS ÁMPULA CON 50 ML."
010-000-2145-00,LORATADINA JARABE.CADA 100 ML ,CONTIENEN: LORATADINA 100 MG ENVASE CON 60 ML Y DOSIFICADOR.
010-000-2520-00,LOSARTÁN GRAGEA O COMPRIMIDO RECUBIERTO.  (50MG),CADA GRAGEA O COMPRIMIDO RECUBIERTO CONTIENE: LOSARTAN POTASICO 50 MG.  ENVASE CON 30 GRAGEAS O COMPRIMIDOS RECUBIERTOS.
010-000-3629-00,MAGNESIO SULFATO DE SOLUCIÓN INYECTABLE. (1GR),CADA AMPOLLETA CONTIENE: SULFATO DE MAGNESIO 1G (MAGNESIO 8.1 MILIEQUIVALENTE SULFATO 8.1 MILIEQUIVALENTE) ENVASE CON 100 AMPOLLETAS DE 10 ML CON 1 G (100 MG/1 ML).
010-000-0109-00,METAMIZOL SÓDICO  SOLUCIÓN INYECTABLE. (1GR/2ML),CADA AMPOLLETA CONTIENE METAMIZOL SÓDICO 1 G. ENVASE CON 3 AMPOLLETAS CON 2 ML
010-000-0108-00,METAMIZOL SÓDICO. COMPRIMIDO. (500MG),CADA COMPRIMIDO CONTIENE: METAMIZOL SÓDICO 500MG. ENVASE CON 10 COMPRIMIDOS. 
010-000-5165-00,METFORMINA TABLETA. (850MG),CADA TABLETA CONTIENE: CLORHIDRATO DE METFORMINA 850 MG ENVASE CON 30 TABLETAS.
010-000-0566-00,METILDOPA TABLETA. (250MG),CADA TABLETA CONTIENE: METILDOPA 250 MG. ENVASE CON 30 TABLETAS.
010-000-0476-00,METILPREDNISOLONA SOLUCIÓN INYECTABLE. (500MG),CADA FRASCO ÁMPULA CON LIOFILIZADO CONTIENE SUCCINATO SÓDICO DE METILPREDNISOLONA EQUIVALENTE A 500 MG DE METILPREDNISOLONA. ENVASE CON 50 FRASCOS ÁMPULA Y 50 AMPOLLETAS CON 8 ML DE DILUYENTE.
010-000-3433-00,METILPREDNISOLONA SUSPENSIÓN INYECTABLE. (40MG/2ML),CADA ML CONTIENE: ACETATO DE METILPREDNISOLONA 40 MG. UN FRASCO ÁMPULA CON 2 ML
010-000-1241-00,METOCLOPRAMIDA SOLUCIÓN INYECTABLE. (10MG/2ML),CADA AMPOLLETA CONTIENE: CLORHIDRATO DE METOCLOPRAMIDA 10 MG. ENVASE CON 6 AMPOLLETAS DE 2 ML. 
010-000-1243-00,METOCLOPRAMIDA SOLUCIÓN.  (4MG) (20ML),CADA ML CONTIENE: CLORHIDRATO DE METOCLOPRAMIDA 4 MG. ENVASE FRASCO GOTERO CON 20 ML.
010-000-1242-00,METOCLOPRAMIDA TABLETA. (10MG),CADA TABLETA CONTIENE: CLORHIDRATO DE METOCLOPRAMIDA 10 MG. ENVASE CON 20 TABLETAS.
010-000-0572-00,METOPROLOL TABLETA. (100MG),CADA TABLETA CONTIENE: TARTRATO DE METOPROLOL 100 MG. ENVASE CON 20 TABLETAS.
010-000-1561-00,METRONIDAZOL ÓVULO O TABLETA VAGINAL. (500MG),CADA ÓVULO O TABLETA CONTIENE: METRONIDAZOL 500 MG ENVASE CON 10 ÓVULOS O TABLETAS.
010-000-1310-00,METRONIDAZOL SUSPENSIÓN ORAL 120 ML Y DOSIFICADOR. (250MG),CADA 5 ML CONTIENEN: BENZOILO DE METRONIDAZOL EQUIVALENTE A 250 MG . ENVASE CON 
010-000-1308-01,METRONIDAZOL TABLETA. (500MG),CADA TABLETA CONTIENE: METRONIDAZOL 500 MG. ENVASE CON 30 TABLETAS.
010-000-0891-00,MICONAZOL CREMA (20MG) (20GR),CADA GRAMO CONTIENE: NITRATO DE MICONAZOL 20 MG. ENVASE CON 20 G.
010-000-6034-00,MIFEPRISTONA. TABLETA. (200MG),CADA TABLETA CONTIENE: MIFEPRISTONA 200 MG.  ENVASE CON UNA TABLETA.
010-000-6012-04,MISOPROSTOL. TABLETA (200MG),CADA TABLETA CONTIENE: MISOPROSTOL 200 MICROGRAMOS. ENVASE CON 12 TABLETAS
010-000-5383-00,MULTIVITAMINAS (POLIVITAMINAS Y MINERALES JARABE .  ,CADA 5 ML CONTIENEN: VITAMINA A 2 500 UI. VITAMINA D2 200 UI. VITAMINA E 15.0 MG. VITAMINA C 60.0 MG. TIAMINA 1.05 MG. RIBOFLAVINA 1.2 MG. PIRIDOXINA 1.05 MG. CIANOCOBALAMINA 4.5 ΜG. NICOTINAMIDA 13.5 MG. HIERRO ELEMENTAL 10.0 MG.
010-000-4376-00,"MULTIVITAMINAS (POLIVITAMINAS) Y MINERALES (TABLETA, CAPSULA O GRAGEA. ","CADA TABLETA, CAPSULA O GRAGEA CONTIENE: CLORHIDRATO DE TIAMINA. (VITAMINA B1) 5.0 A 10.0 MG. RIBOFLAVINA (VITAMINA B2) 2.5 A 10.0 MG. CLORHIDRATO DE PIRIDOXINA (VITAMINAB6) 2.0 A 5.0 MG. NICOTINAMIDA (NIACINAMIDA) 10.0 A 100.0 MG. CIANOCOBALAMINA (VITAMINA B12) 3.0 A 5.0 ΜG. ACETATO DE ALFATOCOFEROL (VITAMINA E) 3.0 A 20.0 MG. RETINOL (VITAMINA A) 2000.0 A 10000.0 UI. COLECALCIFEROL (VITAMINA D3) 200.0 A 1000.0 UI. ACIDO PANTOTENICO 2.0 A 7.0 MG. SULFATO FERROSO 15.0 A 60.0 MG. SULFATO DE COBRE 1.0 A 4.0 MG. YODURO O FOSFATO DE POTASIO 0.15 A 4.0 MG. GLICEROFOSFATO, SULFATO O HIPOSULFITO DE MAGNESIO 1.0 A 8.00 MG. FOSFATO DE MAGNESIO 5.0 A 133.0 MG. CLORURO, FOSFATO O SULFATO DE ZINC 3.0 A 25.0 MG.)"
010-000-5385-00,MULTIVITAMINAS SOLUCIÓN INYECTABLE INFANTIL. ,"CADA FRASCO ÁMPULA CON LIOFILIZADOCONTIENE: RETINOL (VITAMINA A) 2000.0 UI, COLECALCIFEROL (VITAMINA D TRES) 200.0 UI, ACETATO DE ALFA TOCOFEROL (VITAMINA E) 7.0 UI, NICOTINAMIDA 17.0 MG, RIBOFLAVINA 1.4 MG, CLORHIDRATO DE PIRIDOXINA EQUIVALENTE A 1.0 MG, DE PIRIDOXIMA DEXPANTENO EQUIVALENTE A 5.0 MG. DE ACIDO PANTOTENICO CLORHIDRATO DE TIAMINA EQUIVALENTE A 1.2 MG DE TIAMINA, ACIDO ASCORBICO 80.0 MG, BIOTINA 0.02 MG CIANOCOBALAMINA 0.001 MG, ACIDO FOLICO 0.14 MG, VITAMINA K 0.2 MG . ENVASE CON 1 FRASCO ÁMPULA Y 1 AMPOLLETA CON 5 ML DE DILUYENTE."
010-000-3407-00,NAPROXENO TABLETA. (250MG),CADA TABLETA CONTIENE: NAPROXENO 250 MG ENVASE CON 30 TABLETAS.
010-000-2823-00,"NEOMICINA, POLIMIXINA B Y GRAMICIDINA SOLUCIÓN OFTÁLMICA. ",CONTIENE: SULFATO DE NEOMICINA EQUIVALENTE A 1.75 MG DE NEOMICINA. SULFATO DE POLIMIXINA B EQUIVALENTE A 5 000 U DE POLIMIXINA B. GRAMICIDINA 25 MICROGRAMOS ENVASE CON GOTERO INTEGRAL CON 15 ML.
010-000-0291-00,NEOSTIGMINA SOLUCIÓN INYECTABLE ,CADA AMPOLLETA CONTIENE: METILSULFATO DE NEOSTIGMINA 0.5 MG. ENVASE CON 6 AMPOLLETAS CON 1 ML.
010-000-0597-00,NIFEDIPINO CÁPSULA DE GELATINA BLANDA (10MG),CADA CÁPSULA CONTIENE: NIFEDIPINO 10 MG. ENVASE CON 20 CAPSULAS.
010-000-0599-00,NIFEDIPINO COMPRIMIDO DE LIBERACIÓN PROLONGADA. (30MG),CADA COMPRIMIDO CONTIENE: NIFEDIPINO 30 MG . ENVASE CON 30 COMPRIMIDOS
010-000-1566-00,NISTATINA ÓVULO O TABLETA VAGINAL. (100 000 UI),CADA ÓVULO O TABLETA CONTIENE: NISTATINA 100 000 UI.ENVASE CON 12 OVULOS O TABLETAS.
010-000-4260-00,NISTATINA SUSPENSIÓN ORAL. ( 2 400 000 UI),CADA FRASCO CON POLVO CONTIENE: NISTATINA 2 400 000 UI.  ENVASE PARA 24 ML.
010-000-0569-00,NITROPRUSIATO DE SODIO SOLUCIÓN INYECTABLE. (50MG),CADA FRASCO ÁMPULA CON POLVO O SOLUCIÓN CONTIENE: NITROPRUSIATO DE SODIO 50 MG. ENVASE CON UN FRASCO AMPULA CON O SIN DILUYENTE.
010-000-0612-00,NOREPINEFRINA. SOLUCIÓN INYECTABLE. (4MG/4ML),CADA AMPOLLETA CONTIENE:  BITARTRATO DE NOREPINEFRINA EQUIVALENTE A 4 MG DE NOREPINEFRINA. ENVASE CON 50 AMPOLLETAS DE 4 ML. 
010-000-5187-00,OMEPRAZOL SOLUCIÓN INYECTABLE. (40MG),CADA FRASCO ÁMPULA CON LIOFILIZADO CONTIENE:  OMEPRAZOL SÓDICO EQUIVALENTE A  40 MG DE OMEPRAZOL O PANTOPRAZOL SÓDICO EQUIVALENTE A 40 MG DE PANTOPRAZOL. ENVASE CON UN FRASCO ÁMPULA CON LIOFILIZADO Y AMPOLLETA CON 10 ML DE DILUYENTE. 
010-000-5428-00,ONDANSETRÓN SOLUCIÓN INYECTABLE. (8MG/4ML),CADA AMPOLLETA O FRASCO ÁMPULA CONTIENE: CLORHIDRATO DIHIDRATADO DE ONDANSETRÓN EQUIVALENTE A 8 MG DE ONDANSETRÓN ENVASE CON 3 AMPOLLETAS O FRASCOS ÁMPULA CON 4 ML.
010-000-1551-00,ORCIPRENALINA SOLUCIÓN INYECTABLE (0.5MG/1ML),CADA AMPOLLETA CONTIENE: SULFATO DE ORCIPRENALINA 0.5 MG.  ENVASE CON 3 AMPOLLETAS CON 1 ML.
010-000-1552-00,ORCIPRENALINA TABLETA CADA TABLETA (20MG),CONTIENE: SULFATO DE ORCIPRENALINA 20 MG ENVASE CON 30 TABLETAS.
010-000-0804-00,OXIDO DE ZINC PASTA . ,CADA 100 G CONTIENEN: ÓXIDO DE ZINC 25. 0 G.  ENVASE CON 30 G.
010-000-1542-00,OXITOCINA SOLUCIÓN INYECTABLE. (5 UI / 1ML),CADA AMPOLLETA CONTIENE: OXITOCINA: 5 UI. ENVASE CON 50 AMPOLLETAS CON 1 ML.
010-000-5186-01,PANTOPRAZOL O RABEPRAZOL U OMEPRAZOL TABLETA O GRAGEA O CÁPSULA. ,CADA TABLETA O GRAGEA O CÁPSULA CONTIENE: PANTOPRAZOL 40 MG O RABEPRAZOL SÓDICO 20 MG U OMEPRAZOL 20 MG. ENVASE CON 14 TABLETAS O GRAGEAS O CÁPSULAS.
010-000-0106-00,PARACETAMOL SOLUCIÓN ORAL. (100MG/15ML) GOTERO,"CADA ML CONTIENE: PARACETAMOL 100MG. ENVASE CON 15ML, GOTERO CALIBRADO A 0.5 Y 1 ML, INTEGRADO O ADJUNTO AL ENVASE QUE SIRVA COMO TAPA.  "
010-000-0104-00,PARACETAMOL TABLETA. (500MG),CADA TABLETA CONTIENE: PARACETAMOL 500 MG. ENVASE CON 10 TABLETAS.  
010-000-5721-00,"PARACETAMOL,  SOLUCIÓN INYECTABLE. (1 GR)",CADA FRASCO CONTIENE: PARACETAMOL1 GR. ENVASE CON UN FRASCO CON 100 ML. 
010-000-1271-00,PLANTAGO PSYLLIUM POLVO. ,CADA 100 G CONTIENEN: POLVO DE CÁSCARA DE SEMILLA DE PLÁNTAGO PSYLLIUM 49.7 G ENVASE CON 400 G.
010-000-0901-00,PODOFILINA SOLUCIÓN DÉRMICA. ,CADA ML CONTIENE: RESINA DE PODOFILINA 250 MG. ENVASE CON 5 ML.
010-000-0573-00,PRAZOSINA CAPSULA O COMPRIMIDO. (1MG),CADA CÁPSULA O COMPRIMIDO CONTIENE: CLORHIDRATO DE PRAZOSINA EQUIVALENTE A 1 MG DE PRAZOSINA. ENVASE CON 30 CÁPSULAS O COMPRIMIDOS.
010-000-0472-00,PREDNISONA TABLETA. (5MG),CADA TABLETA CONTIENE: PREDNISONA 5 MG. ENVASE CON 20 TABLETAS.
010-000-0246-00,PROPOFOL EMULSIÓN INYECTABLE. (200MG/20ML),CADA AMPOLLETA O FRASCO ÁMPULA CONTIENE: PROPOFOL 200 MG. EN EMULSION CON EDETATO DISÓDICO (DIHIDRATADO). ENVASE CON 5 AMPOLLETAS O FRASCOS ÁMPULA DE 20 ML
010-000-0530-00,PROPRANOLOL TABLETA (40MG),CADA TABLETA CONTIENE: CLORHIDRATO DE PROPRANOLOL 40 MG ENVASE CON 30 TABLETAS.
010-000-5236-00,RANIBIZUMAB SOLUCIÓN INYECTABLE. (2.3MG/0.23ML),"CADA FRASCO ÁMPULA CONTIENE: RANIBIZUMAB 2.3 MG. ENVSE CON UN FRASCO ÁMPULA CON 0.23 ML (2.3 MG/0.23 ML). UNA AGUJA DE FILTRO, UNA AGUJA DE INYECCIÓN Y UNA JERINGUILLA PARA INYECCIÓN INTRAVÍTREA."
010-000-1233-00,RANITIDINA GRAGEA O TABLETA. (150MG),CADA GRAGEA O TABLETA CONTIENE: CLORHIDRATO DE RANITIDINA EQUIVALENTE A 150 MG DE RANITIDINA.ENVASE CON 20 GRAGEAS O TABLETAS. 
010-000-2151-00,RANITIDINA JARABE (150MG),CADA 10 ML CONTIENE: CLORHIDRATO DE RANITIDINA 150 MG. ENVASE CON 200 ML.
010-000-1234-01,RANITIDINA SOLUCIÓN INYECTABLE. (50MG/5ML),CADA AMPOLELTA CONTIENE: CLORHIDRATO DE RANITIDINA EQUIVALENTE A 50 MG DE RANITIDINA. ENVASE CON 5 AMPOLLETAS DE 5 ML. 
010-000-4059-00,"ROCURONIO, BROMURO DE SOLUCIÓN INYECTABLE. (50MG/5ML)",CADA AMPOLLETA O FRASCO ÁMPULA CONTIENE: BROMURO DE ROCURONIO 50 MG. ENVASE CON 12 AMPOLLETAS O FRASCOS AMPULA DE 5 ML.
010-000-0269-00,ROPIVACAINA  SOLUCIÓN INYECTABLE. (40MG/20ML),CADA AMPOLLETA CONTIENE: CLORHIDRATO DE ROPIVAC AÍNA MONOHIDRATADA EQUIVALENTE A 40 MG DE CLORHIDRATO DE ROPIVACAÍNA. ENVASE CON 5 AMPOLLETAS CON 20 ML. 
010-000-0270-00,ROPIVACAÍNA SOLUCIÓN INYECTABLE. (150MG/20ML),CADA AMPOLLETA CONTIENE: CLORHIDRATO DE ROPIVACAÍNA MONOHIDRATADA EQUIVALENTE A 150 MG DE CLORHIDARATO DE ROPIVACAÍNA. ENVASE CON 5 AMPOLLETAS CON 20 ML.. 
010-000-0439-00,SALBUTAMOL SOLUCIÓN PARA NEBULIZADOR ,CADA 100 ML CONTIENEN: SULFATO DE SALBUTAMOL 0.5 G. ENVASE CON 10 ML.
010-000-0429-00,SALBUTAMOL SUSPENSIÓN EN AEROSOL. ,CADA INHALADOR CONTIENE: SALBUTAMOL 20 MG Ó SULFATO DE SALBUTAMOL EQUIVALENTE A 20 MG DE SALBUTAMOL. ENVASE CON INHALADOR CON 200 DOSIS DE 100UG.  
010-000-1272-00,SENOSIDOS A-B TABLETA. ,CADA TABLETA CONTIENE: CONCENTRADOS DE SEN DESECADOS 187 MG (NORMALIZADO A 8.6 MG DE SENOSIDOS A-B). ENVASE CON 20 TABLETAS.
010-000-3662-00,SEROALBÚMINA HUMANA O ALBÚMINA HUMANA.SOLUCIÓN INYECTABLE(12.5G) ,CADA ENVASE CONTIENE: SEROALBÚMINA HUMANA O ALBÚMINA HUMANA 12.5 G. ENVASE CON 50 ML
010-000-4552-00,SEROALBUMINA HUMANA O ALBUMINA HUMANA.SOLUCION INYECTABLE(10G),CADA ENVASE CONTIENE: SEROALBUMINA HUMANA O ALBUMINA HUMANA 10 G. ENVASE CON 50 ML.
010-000-0233-00,SEVOFLURANO LÍQUIDO SOLUCIÓN.  (250ML),CADA ENVASE CONTIENE: SEVOFLURANO 250ML. ENVASE CON 250 ML DE LÍQUIDO O SOLUCIÓN. 
010-000-4308-00,SILDENAFIL TABLETA. (50MG),CADA TABLETA CONTIENE: CITRATO DE SILDENAFIL EQUIVALENTE A SILDENAFIL 50 MG. ENVASE CON 1 TABLETA.  
030-000-0003-00,SUCEDANEO DE LECHE HUMANA DE PRETERMINO. ,POLVO. ENVASE CON 400 A 454 G Y MEDIDA DE 4.3 A 5.37 G.
030-000-0011-00,SUCEDÁNEO DE LECHE HUMANA DE TÉRMINO. ,ENVASE CON 400 A 454 G Y MEDIDA DE 4.30 A 4.50 G 
030-000-0012-00,SUCEDÁNEO DE LECHE HUMANA DE TÉRMINO SIN LACTOSA. POLVO. ,ENVASE CON 400 A 454 G Y MEDIDA DE 4.3 A 4.5 G.
010-000-5176-00,SUCRALFATO TABLETA. CADA TABLETA CONTIENE: SUCRALFATO 1 G ,ENVASE CON 40 TABLETAS.
010-000-4126-00,SULFADIAZINA DE PLATA CREMA ,CADA 100 GRAMOS CONTIENE: SULFADIAZINA DE PLATA MICRONIZADA 1 G ENVASE CON 375 G.
010-000-1704-00,SULFATO FERROSO SOLUCIÓN ,CADA ML CONTIENE: SULFATO FERROSO HEPTAHIDRATADO 125 MG EQUIVALENTE A 25 MG DE HIERRO ELEMENTAL. ENVASE GOTERO CON 15 ML.
010-000-1703-00,SULFATO FERROSO TABLETA. ,CADA TABLETA CONTIENE: SULFATO FERROSO DESECADO APROXIMADAMENTE 200 MG EQUIVALENTE A 60.27 MG DE HIERRO ELEMENTAL. ENVASE CON 30 TABLETAS.
010-000-4114-00,TRINITRATO DE GLICERILO SOLUCIÓN INYECTABLE. (50MG/10ML),CADA FRASCO ÁMPULA CONTIENE: TRINITRATO DE GLICERILO 50 MG. ENVASE CON UN FRASCO ÁMPULA DE 10 ML. 
010-000-2622-00,VALPROATO DE MAGNESIO TABLETA. CON CUBIERTA O CAPA ENTERICA O TABLETA DE LIBERACIÓN RETARDADA  (200MG),CADA TABLETA CONTIENE: VALPROATO DE MAGNESIO  200 MG EQUIVALENTE A  185.6 MG DE ACIDO VALPROICO O VALPROATO DE MAGNESIO  200 MG. ENVASE  CON 40 TABLETAS.
010-000-0254-00,VECURONIO SOLUCIÓN INYECTABLE. CADA FRASCO ÁMPULA CON LIOFILIZADO (4MG/ML),CONTIENE: BROMURO DE VECURONIO 4 MG. ENVASE CON 50 FRASCOS ÁMPULA Y 50 AMPOLLETAS CON 1 ML DE DILUYENTE (4MG/ML) 
010-000-1098-00,"VITAMINA A, C, D SOLUCIÓN. ",CADA ML CONTIENE: PALMITATO DE RETINOL 7000 A 9000 UI. ÁCIDO ASCÓRBICO 80-125 MG COLECALCIFEROL 1400 A 1800 UI. ENVASE CON 15ML.
010-000-0261-00,LIDOCAÍNA SOLUCION INYECTABLE AL 1%. ,CADA FRASCO AMPULA CONTIENE: CLORHIDRATO DE LIDOCAINA 500 MG. ENVASE CON 5 FRASCOS AMPULA CON 50 ML.
000-000-0001-00,"PROGESTERONA CAPSULA O PERLA 200 MG DE PROGESTERONA, ",ENVASE CON 14 CAPSULAS O PERLAS
000-000-0002-00,LIDOCINA 2% CARTUCHO DENTAL 36 MG ,"DE CLORHIDRATO DE LIDOCAINA EXIPIENTE CBP 1.8 ML, ENVASE CON 50 CARTUCHOS DENTALES CON 1.8 ML."
010-000-2715-00,"VITAMINA ""E"" CAPSULA 400 UI ","DE VITAMINA ""E"", ENVASE CON 100 CAPSULAS."
010-000-2619-98,LEVETIRACETAM SOLUCION INYECTABLE 500 MG/5 ML AMPULA,
000-000-0003-00,ACIDO TRANEXAMICO SOLUCION INYECTABLE 100 MG/ML AMPULA CON 10 ML,
010-000-5100-00,MILRINONA SOLUCION INYECTABLE 20 MG ,ENVASE CON UN FRASCO AMPULA CON 20 ML (1 MG/1 ML)
010-000-3675-00,AGUA INYECTABLE SOLUCIÓN INYECTABLE. ,CADA ENVASE CONTIENE: AGUA INYECTABLE 500 ML. ENVASE CON 500 ML.
010-000-3666-01,ALMIDON SOLUCIÓN INYECTABLE AL 6 % ,"CADA 100 ML CONTIENEN: POLI-(O-2 HIDROXIETIL)-ALMIDÓN (130,000 DALTONS) O HIDROXIETIL ALMIDON (130/0.4) 6 G ENVASE CON 500 ML."
010-000-3626-00,SALINA SOLUCIÓN INYECTABLE AL 0.9%  (50ML),CADA 100 ML CONTIENEN: CLORURO DE SODIO 0.9 G AGUA INYECTABLE 100 ML. ENVASE CON 50 ML.
010-000-3610-00,SALINA SOLUCIÓN INYECTABLE AL 0.9% (1000ML),CADA 100 ML CONTIENEN: CLORURO DE SODIO 0.9 G AGUA INYECTABLE 100 ML . ENVASE CON 1 000 ML. CONTIENE: SODIO 154 MILIEQUIVALENTES CLORURO 154 MILIEQUIVALENTES.
010-000-3608-00,SALINA SOLUCIÓN INYECTABLE AL 0.9% (250ML),CADA 100 ML CONTIENEN: CLORURO DE SODIO 0.9 G AGUA INYECTABLE 100 ML ENVASE CON 250 ML. CONTIENE: SODIO 38.5 MILIEQUIVALENTES CLORURO 38.5 MILIEQUIVALENTES.
010-000-3609-00,SALINA SOLUCIÓN INYECTABLE AL 0.9% (500ML),CADA 100 ML CONTIENEN: CLORURO DE SODIO 0.9 G AGUA INYECTABLE 100 ML ENVASE CON 500 ML. CONTIENE: SODIO 77 MILIEQUIVALENTES. CLORURO 77 MILIEQUIVALENTES.
010-000-3627-00,SALINA SOLUCIÓN INYECTABLE AL 0.9% (100ML),CADA 100 ML CONTIENEN: CLORURO DE SODIO 0.9 G AGUA INYECTABLE 100 ML. ENVASE CON 100 ML.
010-000-3613-00,CLORURO DE SODIO Y GLUCOSA SOLUCIÓN INYECTABLE (1000ML),CADA 100 ML CONTIENEN: CLORURO DE SODIO 0.9 G GLUCOSA ANHIDRA O GLUCOSA 5.0 G O GLUCOSA MONOHIDRATADA EQUIVALENTE A 5.0 G DE GLUCOSA. ENVASE CON 1 000 ML. CONTIENE: SODIO 154.0 MEQ CLORURO 154.0 MEQ GLUCOSA 50.0 G.
010-000-3612-00,CLORURO DE SODIO Y GLUCOSA SOLUCIÓN INYECTABLE (500ML),CADA 100 ML CONTIENEN: CLORURO DE SODIO 0.9 G GLUCOSA ANHIDRA O GLUCOSA 5.0 G O GLUCOSA MONOHIDRATADA EQUIVALENTE A 5.0 G DE GLUCOSA. ENVASE CON 500 ML. CONTIENE: SODIO 77 MEQ CLORURO 77 MILIEQUIVALENTES GLUCOSA 25 G.
010-000-3604-00,GLUCOSA SOLUCIÓN INYECTABLE AL 10% (500ML),CADA 100 ML CONTIENEN: GLUCOSA ANHIDRA O GLUCOSA 10 G O GLUCOSA MONOHIDRATADA EQUIVALENTE A 10.0 GDE GLUCOSA. ENVASE CON 500 ML. CONTIENE: GLUCOSA 50.0 G
010-000-3630-00,GLUCOSA SOLUCIÓN INYECTABLE AL 5 % (500ML),CADA 100 ML CONTIENE: GLUCOSA ANHIDRA OGLUCOSA 5 G O GLUCOSA MONOHIDRATADA EQUIVALENTE A 5.0 G DE GLUCOSA. ENVASE CON 500 ML. CONTIENE: GLUCOSA 25.0 G.
010-000-3625-00,GLUCOSA SOLUCIÓN INYECTABLE AL 5% (100ML),CADA 100 ML CONTIENEN: GLUCOSA ANHIDRA O GLUCOSA 5 G O GLUCOSA MONOHIDRATADA EQUIVALENTE A 5.0 G DE GLUCOSA. ENVASE CON 100 ML. CONTIENE: GLUCOSA 5.0 G.
010-000-3624-00,GLUCOSA SOLUCIÓN INYECTABLE AL 5% (50ML),CADA 100 ML CONTIENEN: GLUCOSA ANHIDRA O GLUCOSA 5 G O GLUCOSA MONOHIDRATADA EQUIVALENTE A 5.0 G DE GLUCOSA. ENVASE CON 50 ML. CONTIENE: GLUCOSA 5.0 G.
010-000-3603-00,GLUCOSA SOLUCIÓN INYECTABLE AL 5%. (1000ML),CADA 100 ML CONTIENEN: GLUCOSA ANHIDRA O GLUCOSA 5 G O GLUCOSA MONOHIDRATADA EQUIVALENTE A 5.0 G DE GLUCOSA ENVASE CON 1 000 ML. CONTIENE: GLUCOSA 50.0 G.
010-000-3617-00,SOLUCION HARTMANN. SOLUCIÓN INYECTABLE. (250ML),CADA 100 ML CONTIENEN: CLORURO DE SODIO 0.600 G CLORURO DE POTASIO 0.030 G CLORURO DE CALCIO DIHIDRATADO 0.020 G LACTATO DE SODIO 0.310 G. ENVASE CON 250 ML. MILIEQUIVALENTES POR LITRO: SODIO 130 POTASIO 4 CALCIO 2.72-3 CLORURO 109 LACTATO 28.
010-000-3607-00,GLUCOSA SOLUCIÓN INYECTABLE AL 50%. (50ML),CADA 100 ML CONTIENEN: GLUCOSA ANHIDRA O GLUCOSA 50 G Ó GLUCOSA MONOHIDRATADA EQUIVALENTE A 50.0 G DE GLUCOSA .ENVASE CON 50 ML. CONTIENE: GLUCOSA 25.0 G.
010-000-3616-00,SOLUCION HARTMANN. SOLUCIÓN INYECTABLE. (1000ML),CADA 100 ML CONTIENEN: CLORURO DE SODIO 0.600 G CLORURO DE POTASIO 0.030 G CLORURO DE CALCIO DIHIDRATADO 0.020 G LACTATO DE SODIO 0.310 G. ENVASE CON 1000 ML. MILIEQUIVALENTES POR LITRO: SODIO 130 POTASIO 4 CALCIO 2.72-3 CLORURO 109 LACTATO 28.
010-000-3615-00,SOLUCION HARTMANN. SOLUCION INYECTABLE. (500ML),CADA 100 ML CONTIENEN: CLORURO DE SODIO 0.600 G CLORURO DE POTASIO 0.030 G CLORURO DE CALCIO DIHIDRATADO 0.020 G LACTATO DE SODIO 0.310 G. ENVASE CON 500 ML. MILIEQUIVALENTES POR LITRO: SODIO 130 POTASIO 4 CALCIO 2.72-3 CLORURO 109 LACTATO 28.
040-000-4026-00,BUPRENORFINA SOLUCIÓN INYECTABLE. (0.3MG/1ML),CADA AMPOLLETA O FRASCO ÁMPULA CONTIENE: CLORHIDRATO DE BUPRENORFINA EQUIVALENTE A 0.3 MG DE BUPRENORFINA. ENVASE CON 6 AMPOLLETAS O FRASCOS ÁMPULA CON 1 ML.  
040-000-0202-00,DIAZEPAM SOLUCIÓN INYECTABLE. (10MG/2ML),CADA AMPOLLETA CONTIENE: 10 MG. ENVASE CON 50 AMPOLLETAS DE 2 ML. 
040-000-2107-00,EFEDRINA  SOLUCIÓN INYECTABLE.  (25MG/ML),CADA AMPOLLETA CONTIENE: SULFATO DE EFEDRINA 50 MG. ENVASE CON 100 AMPOLLETAS CON 2 ML (25 MG/ML).
040-000-1544-00,ERGOMETRINA SOLUCIÓN INYECTABLE. ,CADA AMPOLLETA CONTIENE: MALEATO DE ERGOMETRINA  0.2 MG. ENVASE CON 50 AMPOLLETAS DE 1 ML.
040-000-0242-00,"FENTANILO SOLUCIÓN INYECTABLE.  (0,5MG)",CADA AMPOLLETA O FRASCO ÁMPULA CONTIENE: CITRATO DE FENTANILO EQUIVALENTE A 0.5 MG DE FENTANILO. ENVASE CON 6 AMPOLLETAS O FRASCOS ÁMPULA CON 10 ML.
040-000-4054-00,FLUMAZENIL SOLUCIÓN INYECTABLE. ,CADA AMPOLLETA CONTIENE: FLUMAZENIL 0.5 MG. ENVASE CON UNA AMPOLLETA CON 5 ML (0.1 MG/ML)
040-000-3253-00,HALOPERIDOL SOLUCIÓN INYECTABLE. ,CADA AMPOLLETA CONTIENE HALOPERIDOL 5 MG. ENVASE CON 6 AMPOLLETAS (5MG/ML).
040-000-4057-00,MIDAZOLAM SOLUCIÓN INYECTABLE ,CADA AMPOLLETA CONTIENE: CLORHIDRATO DE MIDAZOLAM EQUIVALENTE A 15 MG DE MIDAZOLAM. O MIDAZOLAM 15 MG. ENVASE CON 5 AMPOLLETAS CON 3 ML.  
040-000-2099-00,MORFINA SOLUCIÓN INYECTABLE. ,CADA AMPOLLETA CONTIENE: SULFATO DE MORFINA PENTAHIDRATADA 2.5 MG. ENVASE CON 5 AMPOLLETAS CON 2.5 ML.  
040-000-0302-00,NALOXONA  SOLUCIÓN INYECTABLE. ,CADA AMPOLLETA CONTIENE: CLOHIDRATO DE NALOXONA 0.4 MG. ENVASE CON 10 AMPOLLETAS CON 1 ML. 
040-000-0132-01,NALBUFINA SOLUCION INYECTABLE 10 MG. ,CADA AMPULA CONTIENE: CLORHIDRATO DE NALBUFINA OLUCIÓN INYECTABLE. CADA AMPOLLETA CONTIENE: CLORHIDRATO DE NALBUFINA 10 MG. ENVASE CON 5 AMPOLLETAS CON 1 ML.
010-000-3508-00,DESOGESTREL Y ETINILESTRADIOL TABLETA. ,CADA TABLETA CONTIENE: DESOGESTREL 0.15 MG ETINILESTRADIOL 0.03 MG. ENVASE CON  28 TABLETAS (21 HORMONALES Y 7 SIN HORMONALES.) 
010-000-3510-00,ETONOGESTREL IMPLANTE. ,EL IMPLANTE CONTIENE: ETONOGESTREL 68.0 MG. ENVASE CON UN IMPLANTE Y APLICADOR. 
010-000-2210-00,"LEVONORGESTREL COMPRIMIDO O TABLETA.  (0.750MG)
",CADA COMPRIMIDO O TABLETA CONTIENE:  LEVONORGESTREL 0.750 MG. ENVASE CON 2 COMPRIMIDOS O TABLETAS. 
010-000-4526-00,LEVONORGESTREL GRAGEA. (0.03MG),CADA GRAGEA CONTIENE: LEVONORGESTREL 0.03 MG. ENVASE CON 35 GRAGEAS. 
010-000-2208-00,LEVONORGESTREL POLVO. (52MG),EL DISPOSITIVO CON POLVO CONTIENE: LEVONORGESTREL (MICRONIZADO) 52 MG. ENVASE CON UN DISPOSITIVO.
010-000-3507-00,LEVONORGESTREL Y ETINILESTRADIOL GRAGEA. 0.15MG /0.03MG,CADA GRAGEA CONTIENE: LEVONORGESTREL 0.15 MG ETINILESTRADIOL 0.03 MG. ENVASE CON 28 GRAGEAS (21 HORMONALES Y 7 SIN HORMONALES.) 
010-000-3509-00,MEDROXIPROGESTERONA Y CIPIONATO DE ESTRADIOL SUSPENSIÓN INYECTABLE. ,CADA AMPOLLETA O JERINGA CONTIENE:  ACETATO DE MEDROXIPROGESTERONA 25 MG CIPIONATO D ESTRADIOL 5 MG. ENVASE CON UNA AMPOLLETA O JERINGA PRELLENADA CON 0.5 ML. 
010-000-3511-00,NORELGESTROMINA-ETINILESTRADIOL. PARCHE. ,CADA PARCHE CONTIENE: NORELGESTROMINA 6.00 MG ETINILESTRADIOL 0.60 MG. ENVASE CON 3 PARCHES. 
010-000-3503-00,NORETISTERONA SOLUCIÓN INYECTABLE OLEOSA.  ,CADA AMPOLLETA CONTIENE: ENANTATO DE NORETISTERONA 200 MG. 
010-000-0075-00,LEVONORGESTREL IMPLANTE 75 MG ENVASE CON DOS VARILLAS Y UN TROCAR.,ENVASE CON UNA AMPOLLETA DE 1 ML. 
060-308-0227-00,"CONDON FEMENINO DE POLIURETANO O LÁTEX LUBRICADO CON DOS ANILLOS FLEXIBLES
EN LOS EXTREMOS. ","ENVASE CON 1, 2 Ó 3 PIEZAS EN EMPAQUE INDIVIDUAL."
060-308-0177-00,CONDON DE HULE LÁTEX. ,ENVASE CON 100 PIEZAS
060-308-0029-00,"DISPOSITIVO INTRAUTERINO. T DE COBRE, 380 A. ","ANTICONCEPTIVO ESTÉRIL CON 380 MM2, DE COBRE, PLÁSTICO GRADO MÉDICO 77% Y SULFATO DE BARIO USP 23%, CON FILAMENTO LARGO DE 30 CM CON TUBO INSERTOR, TOPE Y ÉMBOLO INSERTOR. PIEZA."
060-308-0193-00,"DISPOSITIVO INTRAUTERINO, T DE COBRE PARA NULÍPARAS","ESTÉRIL, CON 380 MM2 DE COBRE ENROLLADO CON BORDES REDONDOS, CON LONGITUD HORIZONTAL DE 22.20 A 23.20 MM, LONGITUD VERTICAL DE 28.0 A 30.0 MM, FILAMENTO DE 20 A 25 CM, BASTIDOR CON UNA MEZCLA DEL 77 AL 85% DE PLÁSTICO GRADO MÉDICO Y DEL 15 AL 23% DE SULFATO DE BARIO, CON TUBO INSERTOR Y APLICADOR MONTABLE CON TOPE CERVICAL. PIEZA."
